time,water_depth_basin1,water_depth_basin2,orifice_setting,rain,forecast_low,forecast_high,forecast_int,water_depth_stream1_reported,water_depth_stream1_true,nn_active
2019-09-05 00:00,0.0,0.0,3.0,0,210,256,0.019991999999999992,0.0,0.0,0
2019-09-05 00:30,0.14485285884660093,0.14180456264345304,3.75,0.0,210,256,0.019991999999999992,0.13818946944687863,0.13818946944687863,0
2019-09-05 01:00,0.11605423925278802,0.1438161248152331,2.25,0.0,156,190,0.019991999999999992,0.08837850062664664,0.08837850062664664,0
2019-09-05 01:30,0.09919697729335708,0.12277407214008447,2.25,0.0,156,190,0.019991999999999992,0.06103515165963849,0.06103515165963849,0
2019-09-05 02:00,0.07824234153057165,0.09393232883046132,2.25,0.0,102,124,0.019991999999999992,0.04505034800343883,0.04505034800343883,0
2019-09-05 02:30,0.0542717879424657,0.07106970272978683,2.25,0.0,102,124,0.019991999999999992,0.03489979328019477,0.03489979328019477,0
2019-09-05 03:00,0.03495650503090317,0.05518244892666676,2.25,0.0,48,58,0.019991999999999992,0.02796689669306799,0.02796689669306799,0
2019-09-05 03:30,0.027327145755248375,0.044185087290192736,2.25,0.0,48,58,0.019991999999999992,0.02298630390251266,0.02298630390251266,0
2019-09-05 04:00,0.02333301416347711,0.03692702058293159,2.25,0.3090599999999999,0,0,0.01263913043478261,0.01930647247958617,0.01930647247958617,0
2019-09-05 04:30,0.024883279531763825,0.03576567793350929,2.25,0.29069999999999996,0,0,0.01263913043478261,0.016554858516914,0.016554858516914,0
2019-09-05 05:00,0.022786805859759608,0.03250827922541556,3.0,0.0,31,37,0.0434608695652174,0.014463295709181605,0.014463295709181605,0
2019-09-05 05:30,0.018741059626644508,0.029391536238525005,3.0,0.0,31,37,0.0434608695652174,0.012820133536234452,0.012820133536234452,0
2019-09-05 06:00,0.026615694770806872,0.039716483227238475,2.25,0.9996000000000005,361,361,0.0,0.011683086758293057,0.011683086758293057,0
2019-09-05 06:30,0.051429626917471626,0.03891811177315138,2.25,0.0,361,361,0.0,0.010888833654077109,0.010888833654077109,0
2019-09-05 07:00,0.060887537717093355,0.03737743730433909,2.25,0.0,361,361,0.0,0.01040707116101589,0.01040707116101589,0
2019-09-05 07:30,0.06605470187943824,0.036105619762634454,2.25,0.0,361,361,0.0,0.010119330459031253,0.010119330459031253,0
2019-09-05 08:00,0.06903553985268689,0.035063925335203666,2.25,0.0,361,361,0.0,0.009956701063447293,0.009956701063447293,0
2019-09-05 08:30,0.07067502379311827,0.034209913050897565,2.25,0.0,361,361,0.0,0.009873264780763788,0.009873264780763788,0
2019-09-05 09:00,0.07141116918671626,0.03350660609353715,2.25,0.0,361,361,0.0,0.009837913863666963,0.009837913863666963,0
2019-09-05 09:30,0.07150548539267677,0.03292281224692976,2.25,0.0,361,361,0.0,0.009829826437166799,0.009829826437166799,0
2019-09-05 10:00,0.07112922203381122,0.03243270708040886,2.25,0.0,361,361,0.0,0.009835354014743768,0.009835354014743768,0
2019-09-05 10:30,0.07040219242416619,0.03201521148844655,2.25,0.0,361,361,0.0,0.00984580229393286,0.00984580229393286,0
2019-09-05 11:00,0.06941248335368401,0.031653337312304415,2.25,0.0,361,361,0.0,0.009855849915729596,0.009855849915729596,0
2019-09-05 11:30,0.06822733459936016,0.031333563364415944,2.25,0.0,361,361,0.0,0.009862433584008283,0.009862433584008283,0
2019-09-05 12:00,0.06689951901953023,0.031045264570393638,2.25,0.0,361,361,0.0,0.00986397206951234,0.00986397206951234,0
2019-09-05 12:30,0.06547125863612514,0.030780202399849806,2.25,0.0,361,361,0.0,0.009859833221266804,0.009859833221266804,0
2019-09-05 13:00,0.06397671940776367,0.030532078740179058,2.25,0.0,361,361,0.0,0.009849972801809574,0.009849972801809574,0
2019-09-05 13:30,0.06244365778219243,0.03029615216881819,2.25,0.0,361,361,0.0,0.009834693219889386,0.009834693219889386,0
2019-09-05 14:00,0.0608945526289598,0.030068913432263974,2.25,0.0,361,361,0.0,0.009814484910983745,0.009814484910983745,0
2019-09-05 14:30,0.05934742532084498,0.029847815410287998,2.25,0.0,361,361,0.0,0.009789924039043094,0.009789924039043094,0
2019-09-05 15:00,0.057816474185608605,0.02963105185964061,2.25,0.0,361,361,0.0,0.009761608157940967,0.009761608157940967,0
2019-09-05 15:30,0.056312601593499656,0.02941737875948253,2.25,0.0,361,361,0.0,0.00973011718002165,0.00973011718002165,0
2019-09-05 16:00,0.054843880083371724,0.02920597204828703,2.25,0.0,361,361,0.0,0.009695991029547471,0.009695991029547471,0
2019-09-05 16:30,0.05341598206285883,0.028996315843610298,2.25,0.0,361,361,0.0,0.009659718164392282,0.009659718164392282,0
2019-09-05 17:00,0.05203258277672966,0.02878811575779761,2.25,0.0,361,361,0.0,0.009621731075457638,0.009621731075457638,0
2019-09-05 17:30,0.0506957368767768,0.02858123256147289,2.25,0.0,361,361,0.0,0.009582406177785217,0.009582406177785217,0
2019-09-05 18:00,0.04940622401140881,0.02837563212142326,2.25,0.0,361,361,0.0,0.009542066379761141,0.009542066379761141,0
2019-09-05 18:30,0.048163857418235305,0.028171348193683002,2.25,0.0,361,361,0.0,0.009500985194619997,0.009500985194619997,0
2019-09-05 19:00,0.046967750518577024,0.027968455251889464,2.25,0.0,361,361,0.0,0.009459391639633021,0.009459391639633021,0
2019-09-05 19:30,0.04581653893322251,0.027767049058522005,2.25,0.0,361,361,0.0,0.009417475421100484,0.009417475421100484,0
2019-09-05 20:00,0.04470855822555879,0.02756723313789564,2.25,0.0,361,361,0.0,0.00937539207354761,0.00937539207354761,0
2019-09-05 20:30,0.043641980314872014,0.027369109687901537,2.25,0.0,361,361,0.0,0.009333267839172604,0.009333267839172604,0
2019-09-05 21:00,0.04261491345203631,0.027172773779555504,2.25,0.0,361,361,0.0,0.009291204157143271,0.009291204157143271,0
2019-09-05 21:30,0.04162547174526116,0.026978309948097086,2.25,0.0,361,361,0.0,0.009249281692845676,0.009249281692845676,0
2019-09-05 22:00,0.040671820509437684,0.02678579048534804,2.25,0.0,361,361,0.0,0.009207563881123385,0.009207563881123385,0
2019-09-05 22:30,0.039752203362825436,0.02659527490823889,2.25,0.0,361,361,0.0,0.009166099988799754,0.009166099988799754,0
2019-09-05 23:00,0.03886495623408134,0.026406810209783266,2.25,0.0,361,361,0.0,0.009124927722936771,0.009124927722936771,0
2019-09-05 23:30,0.0380085124867456,0.026220431602256445,2.25,0.0,361,361,0.0,0.009084075424357041,0.009084075424357041,0
2019-09-06 00:00,0.03718140238889507,0.026036163542909763,2.25,0.0,361,361,0.0,0.009043563892688407,0.009043563892688407,0
2019-09-06 00:30,0.03638224926714132,0.02585402089449695,2.25,0.0,361,361,0.0,0.00900340789117297,0.00900340789117297,0
2019-09-06 01:00,0.03560976394655222,0.025674010119772116,2.25,0.0,361,361,0.0,0.00896361737813376,0.00896361737813376,0
2019-09-06 01:30,0.03486273850878234,0.025496130443999128,2.25,0.0,361,361,0.0,0.008924198508522245,0.008924198508522245,0
2019-09-06 02:00,0.03414003998885793,0.025320374944942877,2.25,0.0,293,359,0.036968571428571434,0.008885154444344645,0.008885154444344645,0
2019-09-06 02:30,0.033440604350906344,0.02514673154792733,2.25,0.0,293,359,0.036968571428571434,0.008846486007700317,0.008846486007700317,0
2019-09-06 03:00,0.032763430904057804,0.02497518391609306,2.25,0.0,239,293,0.029085818181818202,0.008808192205155775,0.008808192205155775,0
2019-09-06 03:30,0.03210757721285294,0.024805712234374992,2.25,0.0,239,293,0.029085818181818202,0.008770270647521262,0.008770270647521262,0
2019-09-06 04:00,0.031472154497774414,0.024638293891073783,2.25,0.0,185,227,0.029085818181818202,0.008732717884951523,0.008732717884951523,0
2019-09-06 04:30,0.03085632349291311,0.02447290406407114,2.25,0.0,185,227,0.029085818181818202,0.008695529673712975,0.008695529673712975,0
2019-09-06 05:00,0.030259290716701373,0.024309516220399646,2.25,0.0,131,161,0.029085818181818202,0.008658701187935575,0.008658701187935575,0
2019-09-06 05:30,0.029680305109956468,0.024148102538515556,2.25,0.0,131,161,0.029085818181818202,0.008622227187153495,0.008622227187153495,0
2019-09-06 06:00,0.02911865499826389,0.0239886342625903,2.25,0.0,77,95,0.029085818181818202,0.008586102148371248,0.008586102148371248,0
2019-09-06 06:30,0.02857366534024881,0.02383108199769108,2.25,0.0,77,95,0.029085818181818202,0.008550320369704776,0.008550320369704776,0
2019-09-06 07:00,0.028044695228119133,0.023675415954041032,2.25,0.0,23,29,0.029085818181818202,0.008514876051277818,0.008514876051277818,0
2019-09-06 07:30,0.03078052630826955,0.026567069926375423,2.25,0.5332800000000004,23,29,0.029085818181818202,0.008481051846155269,0.008481051846155269,0
2019-09-06 08:00,0.07104365409964807,0.040740142803945806,2.25,0.7488599999999992,0,0,0.01512285714285714,0.008682949766020303,0.008682949766020303,0
2019-09-06 08:30,0.1044079169362502,0.04653434094956493,2.25,0.3175799999999973,0,0,0.01512285714285714,0.009220013996036577,0.009220013996036577,0
2019-09-06 09:00,0.12856646996854504,0.04706317974716796,2.25,0.0,133,163,0.030779999999999974,0.010018515156444713,0.010018515156444713,0
2019-09-06 09:30,0.14608177365721736,0.047365584124333254,2.25,0.0,133,163,0.030779999999999974,0.010981464902824421,0.010981464902824421,0
2019-09-06 10:00,0.1597352151991353,0.047737874329032134,2.25,0.0,79,97,0.030779999999999974,0.012014860779839605,0.012014860779839605,0
2019-09-06 10:30,0.17076843589394733,0.04825857170790089,2.25,0.0,79,97,0.030779999999999974,0.013038850106665476,0.013038850106665476,0
2019-09-06 11:00,0.17986179177431144,0.048914949301784534,2.25,0.0,25,31,0.030779999999999974,0.013991870302105643,0.013991870302105643,0
2019-09-06 11:30,0.18762179475334345,0.050305132307357045,2.25,0.2250000000000001,25,31,0.030779999999999974,0.014832278897470148,0.014832278897470148,0
2019-09-06 12:00,0.20470442953893384,0.062090742498812676,2.25,0.5752799999999989,198,242,0.009780425531914912,0.01563122777609495,0.01563122777609495,0
2019-09-06 12:30,0.2234314999901363,0.06840774150038528,2.25,0.0,198,242,0.009780425531914912,0.015215442180633545,0.016536840337966572,1
2019-09-06 13:00,0.23912828777495493,0.0695554126668202,2.25,0.0,144,176,0.011195522388059733,0.015268833637237548,0.017468973235575187,1
2019-09-06 13:30,0.2525196909575359,0.06933436825388467,2.25,0.0,144,176,0.011195522388059733,0.015258046388626099,0.01834031460701892,1
2019-09-06 14:00,0.2640717001958368,0.06873191663977067,2.25,0.0,90,110,0.010388311688311743,0.015615978240966798,0.0190939164026734,1
2019-09-06 14:30,0.27410411530082684,0.06801995892698699,2.25,0.0,90,110,0.010388311688311743,0.014277241230010985,0.019635653081285273,1
2019-09-06 15:00,0.28284749019344335,0.06723297382495638,2.25,0.0,36,44,0.010388311688311743,0.014496115446090698,0.019989842858986216,1
2019-09-06 15:30,0.2904772759355583,0.06634389595992242,2.25,0.0,36,44,0.010388311688311743,0.014731061458587647,0.020215595481001235,1
2019-09-06 16:00,0.3001947797567359,0.0749698169994683,2.25,0.4457399999999958,0,0,0.009260473933649293,0.02181386947631836,0.020404738691936618,1
2019-09-06 16:30,0.31352815217118557,0.08687734799951695,2.25,0.24480000000000057,0,0,0.009260473933649293,0.021852905750274657,0.02079421214801033,1
2019-09-06 17:00,0.32969422917512736,0.10104248937811998,2.25,0.3462000000000067,0,0,0.009026225165562918,0.026792511940002442,0.021409552683304085,1
2019-09-06 17:30,0.3468686408915066,0.11236951266223318,2.25,0.1097999999999999,0,0,0.009026225165562918,0.026739058494567872,0.022230388606812083,1
2019-09-06 18:00,0.3638684465838052,0.12124770931617931,2.25,0.22139999999999915,0,0,0.011338021978021971,0.02309893455721484,0.02309893455721484,0
2019-09-06 18:30,0.384133933972835,0.13728163109475677,2.25,0.4789800000000026,0,0,0.011338021978021971,0.024041672445110532,0.024041672445110532,0
2019-09-06 19:00,0.4080772043492633,0.15859886171933169,2.25,0.3983999999999934,0,0,0.004980000000000002,0.025186721595510893,0.025186721595510893,0
2019-09-06 19:30,0.43229949862092704,0.1767850955619406,2.25,0.14939999999998843,0,0,0.004980000000000002,0.026536937934315323,0.026536937934315323,0
2019-09-06 20:00,0.45471886322479255,0.1893938061645419,2.25,0.004979999999999762,361,361,0.0,0.027915903160998436,0.027915903160998436,0
2019-09-06 20:30,0.47468574285403586,0.19672291942740291,2.25,0.0,361,361,0.0,0.029124724019258707,0.029124724019258707,0
2019-09-06 21:00,0.4925797395603757,0.20048352995895374,2.25,0.0,361,361,0.0,0.03000760798294367,0.03000760798294367,0
2019-09-06 21:30,0.5086882746817198,0.20162698005283985,2.25,0.0,361,361,0.0,0.030475958776263034,0.030475958776263034,0
2019-09-06 22:00,0.5232368290928497,0.20073572930787123,2.25,0.0,361,361,0.0,0.03069067377370767,0.03069067377370767,0
2019-09-06 22:30,0.5364075223810264,0.19820359029813,2.25,0.0,361,361,0.0,0.030755205131407583,0.030755205131407583,0
2019-09-06 23:00,0.5483498804960976,0.1943234269728293,2.25,0.0,361,361,0.0,0.0307288523175362,0.0307288523175362,0
2019-09-06 23:30,0.5591884276958863,0.1893319179219476,2.25,0.0,361,361,0.0,0.030646603068075286,0.030646603068075286,0
2019-09-07 00:00,0.5690281703496294,0.1834339440459586,2.25,0.0,361,361,0.0,0.03052960942328321,0.03052960942328321,0
2019-09-07 00:30,0.577958633602807,0.1768163983182483,2.25,0.0,361,361,0.0,0.03039091450806424,0.03039091450806424,0
2019-09-07 01:00,0.5860568860115465,0.16965595652889875,2.25,0.0,361,361,0.0,0.030238689584881417,0.030238689584881417,0
2019-09-07 01:30,0.5933898433669496,0.16212294656574783,2.25,0.0,361,361,0.0,0.030078119450363563,0.030078119450363563,0
2019-09-07 02:00,0.6000160500698821,0.15438228905158122,2.25,0.0,361,361,0.0,0.029912528716457245,0.029912528716457245,0
2019-09-07 02:30,0.6059870755590675,0.14659194999353958,2.25,0.0,361,361,0.0,0.029744068539058362,0.029744068539058362,0
2019-09-07 03:00,0.6113486227468866,0.1388992236297293,2.25,0.0,361,361,0.0,0.029574142155242938,0.029574142155242938,0
2019-09-07 03:30,0.6161414179429787,0.1314353613529154,2.25,0.0,361,361,0.0,0.029403671922316608,0.029403671922316608,0
2019-09-07 04:00,0.6204019328199968,0.12430948440997905,2.25,0.0,361,361,0.0,0.02923326857272124,0.02923326857272124,0
2019-09-07 04:30,0.6241629757302968,0.11760316859998239,2.25,0.0,361,361,0.0,0.029063339362457183,0.029063339362457183,0
2019-09-07 05:00,0.6274541802719755,0.11137899830216642,2.25,0.0,361,361,0.0,0.028894157827225233,0.028894157827225233,0
2019-09-07 05:30,0.6303024122252617,0.10571629411531083,2.25,0.0,361,361,0.0,0.028725909308224426,0.028725909308224426,0
2019-09-07 06:00,0.6327321110158547,0.10063067956359631,2.25,0.0,361,361,0.0,0.02855871905619476,0.02855871905619476,0
2019-09-07 06:30,0.6347655782078249,0.09607738196847455,2.25,0.0,361,361,0.0,0.02839267151542977,0.02839267151542977,0
2019-09-07 07:00,0.6364232228059677,0.09198575335051998,2.25,0.0,361,361,0.0,0.028227823353523966,0.028227823353523966,0
2019-09-07 07:30,0.6377237710671649,0.08828181691890218,2.25,0.0,361,361,0.0,0.02806421202942718,0.02806421202942718,0
2019-09-07 08:00,0.6386844469414347,0.08490010588728135,2.25,0.0,361,361,0.0,0.027901861484410432,0.027901861484410432,0
2019-09-07 08:30,0.6393211280480277,0.08178771924894201,2.25,0.0,361,361,0.0,0.027740785964443425,0.027740785964443425,0
2019-09-07 09:00,0.639648481147,0.0789038989945137,2.25,0.0,361,361,0.0,0.02758099261968356,0.02758099261968356,0
2019-09-07 09:30,0.6396800803260971,0.0762177424062113,2.25,0.0,361,361,0.0,0.02742248329712175,0.02742248329712175,0
2019-09-07 10:00,0.6394285105379156,0.07370562469983652,2.25,0.0,361,361,0.0,0.027265255796162492,0.027265255796162492,0
2019-09-07 10:30,0.6389054586569529,0.07134903830094816,2.25,0.0,361,361,0.0,0.027109304763206818,0.027109304763206818,0
2019-09-07 11:00,0.6381217938534426,0.06922604569079885,2.25,0.0,361,361,0.0,0.026954622340682095,0.026954622340682095,0
2019-09-07 11:30,0.637087638780146,0.06899163617120156,2.25,0.0,361,361,0.0,0.026801198578786045,0.026801198578786045,0
2019-09-07 12:00,0.6358124328250621,0.06876612653114714,2.25,0.0,361,361,0.0,0.026649021952812095,0.026649021952812095,0
2019-09-07 12:30,0.6343049884850411,0.0685717729572221,2.25,0.0,361,361,0.0,0.02649807959723653,0.02649807959723653,0
2019-09-07 13:00,0.6325735417484774,0.06834990645465559,2.25,0.0,361,361,0.0,0.026348357448750092,0.026348357448750092,0
2019-09-07 13:30,0.6306257972442393,0.06804974421712273,2.25,0.0,361,361,0.0,0.026199840439985328,0.026199840439985328,0
2019-09-07 14:00,0.6284689688016234,0.06734052203765273,2.25,0.0,361,361,0.0,0.026052512668179977,0.026052512668179977,0
2019-09-07 14:30,0.6261098159726524,0.06661376146723971,2.25,0.0,361,361,0.0,0.02590635747317166,0.02590635747317166,0
2019-09-07 15:00,0.623554676990338,0.06589996801854534,2.25,0.0,361,361,0.0,0.025761357552453647,0.025761357552453647,0
2019-09-07 15:30,0.6208094985719244,0.06519968707895374,2.25,0.0,361,361,0.0,0.02561749505830854,0.02561749505830854,0
2019-09-07 16:00,0.6178798629202363,0.06451275141130619,2.25,0.0,361,361,0.0,0.025474751661916352,0.025474751661916352,0
2019-09-07 16:30,0.6147710122297577,0.06383890129156065,2.25,0.0,361,361,0.0,0.025333108607802402,0.025333108607802402,0
2019-09-07 17:00,0.6114878709644268,0.06317783275859838,2.25,0.0,361,361,0.0,0.025192546760374617,0.025192546760374617,0
2019-09-07 17:30,0.6080350661402503,0.06252922035016928,2.25,0.0,361,361,0.0,0.025053046643453272,0.025053046643453272,0
2019-09-07 18:00,0.6044169458167972,0.0618927305101023,2.25,0.0,361,361,0.0,0.024914588473586463,0.024914588473586463,0
2019-09-07 18:30,0.6006375959766813,0.06126802949097934,2.25,0.0,361,361,0.0,0.024777152187840348,0.024777152187840348,0
2019-09-07 19:00,0.5967008559506689,0.060654787941864394,2.25,0.0,361,361,0.0,0.02464071746665634,0.02464071746665634,0
2019-09-07 19:30,0.5926103325274212,0.06005268349816864,2.25,0.0,361,361,0.0,0.02450526375227632,0.02450526375227632,0
2019-09-07 20:00,0.588369412870775,0.05946140216847139,2.25,0.0,361,361,0.0,0.024370770263160056,0.024370770263160056,0
2019-09-07 20:30,0.5839812763534428,0.05888063899872758,2.25,0.0,361,361,0.0,0.02423721600474901,0.02423721600474901,0
2019-09-07 21:00,0.5794489054037819,0.05831009830466597,2.25,0.0,361,361,0.0,0.02410457977687264,0.02410457977687264,0
2019-09-07 21:30,0.574775095451604,0.05774949364856636,2.25,0.0,361,361,0.0,0.023972840178040394,0.023972840178040394,0
2019-09-07 22:00,0.5699624640496457,0.05719854766720568,2.25,0.0,361,361,0.0,0.023841975606818284,0.023841975606818284,0
2019-09-07 22:30,0.5650134592390864,0.056656991815667766,2.25,0.0,361,361,0.0,0.023711964260448765,0.023711964260448765,0
2019-09-07 23:00,0.5599303672203121,0.056124566066129554,2.25,0.0,361,361,0.0,0.023582784130835647,0.023582784130835647,0
2019-09-07 23:30,0.5547153193837469,0.05560101858516834,2.25,0.0,361,361,0.0,0.023454412997985136,0.023454412997985136,0
2019-09-08 00:00,0.5493702987499908,0.05508610540364689,2.25,0.0,361,361,0.0,0.023326828420962998,0.023326828420962998,0
2019-09-08 00:30,0.543897145863595,0.05457959008745076,2.25,0.0,361,361,0.0,0.02320000772639968,0.02320000772639968,0
2019-09-08 01:00,0.5382975641804517,0.054081243413813575,2.25,0.0,361,361,0.0,0.02307392799454903,0.02307392799454903,0
2019-09-08 01:30,0.532573124985004,0.05359084305581819,2.25,0.0,361,361,0.0,0.0229485660428806,0.0229485660428806,0
2019-09-08 02:00,0.5267252718701727,0.0531081732763418,2.25,0.0,361,361,0.0,0.022823898407158393,0.022823898407158393,0
2019-09-08 02:30,0.5207553248100377,0.05263302463191933,2.25,0.0,361,361,0.0,0.02269990131993498,0.02269990131993498,0
2019-09-08 03:00,0.5146644838528783,0.05216519368650731,2.25,0.0,361,361,0.0,0.022576550686362534,0.022576550686362534,0
2019-09-08 03:30,0.5084538324601428,0.05170448273484916,2.25,0.0,361,361,0.0,0.02245382205719458,0.02245382205719458,0
2019-09-08 04:00,0.5021243405152969,0.051250699534955244,2.25,0.0,361,361,0.0,0.02233169059882497,0.02233169059882497,0
2019-09-08 04:30,0.4956768670252788,0.05080365704911671,2.25,0.0,361,361,0.0,0.022210131060177867,0.022210131060177867,0
2019-09-08 05:00,0.4891121625364719,0.05036317319280077,2.25,0.0,361,361,0.0,0.02208911773623059,0.02208911773623059,0
2019-09-08 05:30,0.48243087128678425,0.04992907059074389,2.25,0.0,361,361,0.0,0.02196862442791518,0.02196862442791518,0
2019-09-08 06:00,0.47563353311559087,0.04950117633952854,2.25,0.0,361,361,0.0,0.021848624398103526,0.021848624398103526,0
2019-09-08 06:30,0.46872058515401704,0.04907932177591057,2.25,0.0,361,361,0.0,0.02172909032333797,0.02172909032333797,0
2019-09-08 07:00,0.4616923633194971,0.04866334225014953,2.25,0.0,361,361,0.0,0.021609994240920263,0.021609994240920263,0
2019-09-08 07:30,0.45454910364072915,0.04825307690356718,2.25,0.0,361,361,0.0,0.021491307490916225,0.021491307490916225,0
2019-09-08 08:00,0.447290943442361,0.04784836844954402,2.25,0.0,361,361,0.0,0.021373000652572093,0.021373000652572093,0
2019-09-08 08:30,0.43991792242312006,0.04744906295712864,2.25,0.0,361,361,0.0,0.021255043474569777,0.021255043474569777,0
2019-09-08 09:00,0.4324299836669248,0.047055009636400684,2.25,0.0,361,361,0.0,0.021137404798467752,0.021137404798467752,0
2019-09-08 09:30,0.42482697463422137,0.046666060624682884,2.25,0.0,361,361,0.0,0.02102005247458685,0.02102005247458685,0
2019-09-08 10:00,0.41710864819075494,0.046282070772647996,2.25,0.0,361,361,0.0,0.020902953269497548,0.020902953269497548,0
2019-09-08 10:30,0.4092746637439028,0.045902897429295875,2.25,0.0,361,361,0.0,0.020786072764149812,0.020786072764149812,0
2019-09-08 11:00,0.40132458857332365,0.04552840022470447,2.25,0.0,361,361,0.0,0.020669375241556154,0.020669375241556154,0
2019-09-08 11:30,0.3932578994640628,0.04515844084936667,2.25,0.0,361,361,0.0,0.020552823562787453,0.020552823562787453,0
2019-09-08 12:00,0.3850739847778047,0.04479288282881824,2.25,0.0,361,361,0.0,0.020436379029871204,0.020436379029871204,0
2019-09-08 12:30,0.37677214713342283,0.0444315912921419,2.25,0.0,361,361,0.0,0.02032000123398913,0.02032000123398913,0
2019-09-08 13:00,0.368351606913809,0.0440744327327867,2.25,0.0,361,361,0.0,0.02020364788715049,0.02020364788715049,0
2019-09-08 13:30,0.35981150687526064,0.043721274759982345,2.25,0.0,361,361,0.0,0.020087274635272136,0.020087274635272136,0
2019-09-08 14:00,0.35115091821282485,0.04337198583883927,2.25,0.0,361,361,0.0,0.01997083485031882,0.01997083485031882,0
2019-09-08 14:30,0.34236884853553023,0.04302643501701493,2.25,0.0,361,361,0.0,0.01985427939885213,0.01985427939885213,0
2019-09-08 15:00,0.3334642523372073,0.042684491635594846,2.25,0.0,361,361,0.0,0.01973755638400181,0.01973755638400181,0
2019-09-08 15:30,0.32443604472206244,0.04234602502156926,2.25,0.0,361,361,0.0,0.019620610857519472,0.019620610857519472,0
2019-09-08 16:00,0.31528311937372516,0.04201090415901767,2.25,0.0,361,361,0.0,0.019503384498207522,0.019503384498207522,0
2019-09-08 16:30,0.30600437206195025,0.04167899733581315,2.25,0.0,361,361,0.0,0.019385815252668127,0.019385815252668127,0
2019-09-08 17:00,0.2965987313899944,0.04135017176237269,3.0,0.0,361,361,0.0,0.0192678369340179,0.0192678369340179,0
2019-09-08 17:30,0.17798592446601708,0.041430106732401314,3.0,0.0,361,361,0.0,0.022411957982262778,0.022411957982262778,0
2019-09-08 18:00,0.04262579539763239,0.0420183498195745,2.25,0.0,361,361,0.0,0.0230574544314309,0.0230574544314309,0
2019-09-08 18:30,0.055091464484893216,0.042394822891285856,2.25,0.0,361,361,0.0,0.02142983156731463,0.02142983156731463,0
2019-09-08 19:00,0.060542112772240024,0.042170186899768335,2.25,0.0,361,361,0.0,0.020239929448351762,0.020239929448351762,0
2019-09-08 19:30,0.06318263910219322,0.041576430860437046,2.25,0.0,361,361,0.0,0.019378692662384893,0.019378692662384893,0
2019-09-08 20:00,0.06431675059787514,0.04084765587848788,2.25,0.0,361,361,0.0,0.01874064607795723,0.01874064607795723,0
2019-09-08 20:30,0.06453937011378182,0.040102133760503804,2.25,0.0,361,361,0.0,0.018257446937304994,0.018257446937304994,0
2019-09-08 21:00,0.06417885218086662,0.03939400574122842,2.25,0.0,361,361,0.0,0.017883234417895428,0.017883234417895428,0
2019-09-08 21:30,0.06343731124351622,0.038744158365093415,2.25,0.0,361,361,0.0,0.01758654253110118,0.01758654253110118,0
2019-09-08 22:00,0.06244784981376485,0.03815685384834898,2.25,0.0,361,361,0.0,0.01734544942522134,0.01734544942522134,0
2019-09-08 22:30,0.06130183284384348,0.03762854553475932,2.25,0.0,361,361,0.0,0.017144515979500487,0.017144515979500487,0
2019-09-08 23:00,0.06006341781151998,0.03715248528722202,2.25,0.0,361,361,0.0,0.016972783269945307,0.016972783269945307,0
2019-09-08 23:30,0.05877801628745262,0.036721074097903386,2.25,0.0,361,361,0.0,0.01682242754090082,0.01682242754090082,0
2019-09-09 00:00,0.057477617639494286,0.036327004145563384,2.25,0.0,361,361,0.0,0.016687838703459384,0.016687838703459384,0
2019-09-09 00:30,0.05618437676205234,0.0359637572468294,2.25,0.0,361,361,0.0,0.01656497960193187,0.01656497960193187,0
2019-09-09 01:00,0.0549131760823237,0.03562576620841174,2.25,0.0,361,361,0.0,0.016450935671585544,0.016450935671585544,0
2019-09-09 01:30,0.053673535497693825,0.035308406243327005,2.25,0.0,361,361,0.0,0.01634359599905404,0.01634359599905404,0
2019-09-09 02:00,0.05247107304156501,0.03500790757590132,2.25,0.0,361,361,0.0,0.016241426294457236,0.016241426294457236,0
2019-09-09 02:30,0.05130863150871153,0.034721238358620544,2.25,0.0,361,361,0.0,0.01614330677886562,0.01614330677886562,0
2019-09-09 03:00,0.05018714230182565,0.03444598360783302,2.25,0.0,361,361,0.0,0.016048416219783597,0.016048416219783597,0
2019-09-09 03:30,0.04910627650980826,0.0341802327704213,2.25,0.0,361,361,0.0,0.015956148899447995,0.015956148899447995,0
2019-09-09 04:00,0.048064923108581944,0.03392248126147747,2.25,0.0,361,361,0.0,0.015866055125877375,0.015866055125877375,0
2019-09-09 04:30,0.04706152877639574,0.03367154736623873,2.25,0.0,361,361,0.0,0.015777798577806135,0.015777798577806135,0
2019-09-09 05:00,0.04609432985035421,0.03342650386278578,2.25,0.0,361,361,0.0,0.015691125678734645,0.015691125678734645,0
2019-09-09 05:30,0.045161503024522126,0.03318662277813131,2.25,0.0,361,361,0.0,0.01560584355921761,0.01560584355921761,0
2019-09-09 06:00,0.04426125717032066,0.03295133136048498,2.25,0.0,361,361,0.0,0.015521804147593844,0.015521804147593844,0
2019-09-09 06:30,0.043391884313992275,0.03272017735192433,2.25,0.0,361,361,0.0,0.015438892635371905,0.015438892635371905,0
2019-09-09 07:00,0.042551783647899945,0.03249280181176897,2.25,0.0,361,361,0.0,0.015357019070279037,0.015357019070279037,0
2019-09-09 07:30,0.041739468756795094,0.03226891797493696,2.25,0.0,361,361,0.0,0.0152761121921712,0.0152761121921712,0
2019-09-09 08:00,0.040953565169341365,0.032048294877252394,2.25,0.0,361,361,0.0,0.0151961148845003,0.0151961148845003,0
2019-09-09 08:30,0.040192802945356,0.03183074471263531,2.25,0.0,361,361,0.0,0.015116980796179217,0.015116980796179217,0
2019-09-09 09:00,0.03945600723850114,0.03161611309233681,2.25,0.0,361,361,0.0,0.015038671817021987,0.015038671817021987,0
2019-09-09 09:30,0.038742088538721665,0.03140427154978139,2.25,0.0,361,361,0.0,0.014961156180169041,0.014961156180169041,0
2019-09-09 10:00,0.03805003348484456,0.031195111776929636,2.25,0.0,361,361,0.0,0.014884407028373401,0.014884407028373401,0
2019-09-09 10:30,0.03737889663425793,0.030988541192538813,2.25,0.0,361,361,0.0,0.014808401325795216,0.014808401325795216,0
2019-09-09 11:00,0.03672779328774919,0.030784479533348705,2.25,0.0,361,361,0.0,0.0147331190287179,0.0147331190287179,0
2019-09-09 11:30,0.03609589331818597,0.03058285623021881,2.25,0.0,361,361,0.0,0.014658542451314305,0.014658542451314305,0
2019-09-09 12:00,0.03548241588701764,0.030383608386387803,2.25,0.0,361,361,0.0,0.014584655778987274,0.014584655778987274,0
2019-09-09 12:30,0.03488662491533014,0.030186679217626036,2.25,0.0,361,361,0.0,0.014511444693763078,0.014511444693763078,0
2019-09-09 13:00,0.03430782518277146,0.029992016846815454,2.25,0.0,296,362,0.010666875000000008,0.014438896085014134,0.014438896085014134,0
2019-09-09 13:30,0.033745358944134315,0.02979957337063475,2.25,0.0,296,362,0.010666875000000008,0.014366997825320896,0.014366997825320896,0
2019-09-09 14:00,0.03319860297218337,0.029609304135289057,2.25,0.0,242,296,0.0064389130434782515,0.014295738596167092,0.014295738596167092,0
2019-09-09 14:30,0.03266696595285271,0.02942116717296787,2.25,0.0,242,296,0.0064389130434782515,0.014225107751836824,0.014225107751836824,0
2019-09-09 15:00,0.03214988617383772,0.029235122761998595,2.25,0.0,188,230,0.005233026315789479,0.014155095212656862,0.014155095212656862,0
2019-09-09 15:30,0.03164682945964808,0.029051133082296163,2.25,0.0,188,230,0.005233026315789479,0.014085691380829199,0.014085691380829199,0
2019-09-09 16:00,0.031157287315658668,0.0288691619443189,2.25,0.0,134,164,0.005998922155688631,0.014016887073694174,0.014016887073694174,0
2019-09-09 16:30,0.030680775251048953,0.02868917457480216,2.25,0.0,134,164,0.005998922155688631,0.01394867347047877,0.01394867347047877,0
2019-09-09 17:00,0.03021683125621058,0.028511137446417336,2.25,0.0,80,98,0.005998922155688631,0.013881042069507694,0.013881042069507694,0
2019-09-09 17:30,0.029765014414617284,0.028335018141472067,2.25,0.0,80,98,0.005998922155688631,0.013813984653558245,0.013813984653558245,0
2019-09-09 18:00,0.02932490363259915,0.028160785242049978,2.25,0.0,26,32,0.005998922155688631,0.01374749326157798,0.01374749326157798,0
2019-09-09 18:30,0.02906819027104282,0.028161603628438652,2.25,0.19998000000000005,26,32,0.005998922155688631,0.013681576174943333,0.013681576174943333,0
2019-09-09 19:00,0.039658184756270136,0.03216598585049901,2.25,0.13679999999999204,0,0,0.004889999999999991,0.013707835558370528,0.013707835558370528,0
2019-09-09 19:30,0.04843672064340956,0.033953223119789835,2.25,0.12911999999999413,0,0,0.004889999999999991,0.013884253125304242,0.013884253125304242,0
2019-09-09 20:00,0.057097708582044056,0.03568031030610283,2.25,0.12239999999999629,0,0,0.005441052631578946,0.014172832332914052,0.014172832332914052,0
2019-09-09 20:30,0.06577758248680081,0.03726328289867706,2.25,0.10296000000000127,0,0,0.005441052631578946,0.01453230149905285,0.01453230149905285,0
2019-09-09 21:00,0.07435085249037851,0.038826047522901835,3.0,0.10080000000000222,0,0,0.013110000000000004,0.014950281139028168,0.014950281139028168,0
2019-09-09 21:30,0.034183725076302185,0.04230517375850404,3.0,0.2097599999999975,0,0,0.013110000000000004,0.015848780279139656,0.015848780279139656,0
2019-09-09 22:00,0.034648018414510165,0.04278259074304668,2.25,0.0,107,131,0.03719280991735531,0.016450639480246384,0.016450639480246384,0
2019-09-09 22:30,0.06689915622451094,0.04320255773189925,2.25,0.0,107,131,0.03719280991735531,0.016788495051914484,0.016788495051914484,0
2019-09-09 23:00,0.08172404073709993,0.043614942452080224,2.25,0.0,53,65,0.0463591390728477,0.01716210651539379,0.01716210651539379,0
2019-09-09 23:30,0.09120421553800162,0.044016861870662116,2.25,0.0,53,65,0.0463591390728477,0.01748124547307271,0.01748124547307271,0
