<?xml version="1.0" encoding="utf-8"?>
<!DOCTYPE nta PUBLIC '-//Uppaal Team//DTD Flat System 1.5//EN' 'http://www.it.uu.se/research/group/darts/uppaal/flat-1_5.dtd'>
<nta>
	<declaration>const double Tg = 21.0;
const double Tenv = 15.0;
const double H = 0.04; // power of heater
const double Aclosed = 0.002; // heat transfer of closed window
const double Aopen = 0.004; // when open window
const int Period = 15;
const int Horizon = 10*Period;
const int hour = 60;

clock t = //TAG_t;
clock T = //TAG_T;
clock D = //TAG_D;
clock x;

clock w = //TAG_w;
int i = //TAG_i;

double A = Aclosed;

int heatLoc = //TAG_heatLoc;
int winLoc = //TAG_winLoc;
</declaration>
	<template>
		<name>Monitor</name>
		<location id="id0" x="0" y="0">
			<label kind="invariant" x="-42" y="17">D'==(Tg-T)*(Tg-T)</label>
		</location>
		<init ref="id0"/>
	</template>
	<template>
		<name x="5" y="5">Room</name>
		<location id="id1" x="59" y="-170">
			<name x="-76" y="-212">HeatOff</name>
			<label kind="invariant" x="-76" y="-195">x&lt;=Period &amp;&amp;
T'==(Tenv-T)*A</label>
		</location>
		<location id="id2" x="221" y="-170">
			<name x="238" y="-212">HeatOn</name>
			<label kind="invariant" x="238" y="-195">x&lt;=Period &amp;&amp;
T'==(Tenv-T)*A+H</label>
		</location>
		<location id="id3" x="136" y="-255">
			<urgent/>
		</location>
		<location id="id4" x="136" y="-42">
			<urgent/>
		</location>
		<init ref="id3"/>
		<transition id="id5">
			<source ref="id4"/>
			<target ref="id1"/>
			<label kind="assignment" x="59" y="-42">x=0,
heatLoc=0</label>
			<nail x="59" y="-42"/>
		</transition>
		<transition id="id6">
			<source ref="id4"/>
			<target ref="id2"/>
			<label kind="assignment" x="153" y="-42">x=0,
heatLoc=1</label>
			<nail x="221" y="-42"/>
		</transition>
		<transition id="id7" controllable="false">
			<source ref="id3"/>
			<target ref="id2"/>
			<label kind="guard" x="153" y="-272">heatLoc==1</label>
			<nail x="221" y="-255"/>
		</transition>
		<transition id="id8" controllable="false">
			<source ref="id3"/>
			<target ref="id1"/>
			<label kind="guard" x="25" y="-272">heatLoc==0</label>
			<nail x="59" y="-255"/>
		</transition>
		<transition id="id9" controllable="false">
			<source ref="id2"/>
			<target ref="id4"/>
			<label kind="guard" x="136" y="-170">x==Period</label>
		</transition>
		<transition id="id10" controllable="false">
			<source ref="id1"/>
			<target ref="id4"/>
			<label kind="guard" x="85" y="-153">x==Period</label>
		</transition>
	</template>
	<template>
		<name>Window</name>
		<declaration>const int L=4;

const int closedL[L]={ 6*hour, 11*hour, 16*hour, 19*hour };
const int closedU[L]={ 7*hour, 12*hour, 17*hour, 23*hour };

const int openL[L]={ 7*hour, 12*hour, 18*hour, 24*hour };
const int openU[L]={ 8*hour, 13*hour, 21*hour, 24*hour };

</declaration>
		<location id="id11" x="204" y="0">
			<name x="212" y="-25">Open</name>
			<label kind="invariant" x="221" y="-8">w&lt;=openU[i]</label>
		</location>
		<location id="id12" x="0" y="0">
			<name x="-68" y="-25">Closed</name>
			<label kind="invariant" x="-119" y="-8">w&lt;=closedU[i]</label>
		</location>
		<location id="id13" x="102" y="-110">
			<urgent/>
		</location>
		<init ref="id13"/>
		<transition id="id14" controllable="false">
			<source ref="id13"/>
			<target ref="id11"/>
			<label kind="guard" x="119" y="-127">winLoc==1</label>
			<label kind="assignment" x="119" y="-144">A=Aopen</label>
			<nail x="204" y="-110"/>
		</transition>
		<transition id="id15" controllable="false">
			<source ref="id13"/>
			<target ref="id12"/>
			<label kind="guard" x="0" y="-127">winLoc==0</label>
			<label kind="assignment" x="0" y="-144">A=Aclosed</label>
			<nail x="0" y="-110"/>
		</transition>
		<transition id="id16" controllable="false">
			<source ref="id11"/>
			<target ref="id12"/>
			<label kind="guard" x="17" y="51">i==L-1 &amp;&amp; w&gt;=openL[i]</label>
			<label kind="assignment" x="18" y="68">A=Aclosed,i=0,w=0,
winLoc=0</label>
			<nail x="204" y="68"/>
			<nail x="0" y="68"/>
		</transition>
		<transition id="id17" controllable="false">
			<source ref="id11"/>
			<target ref="id12"/>
			<label kind="guard" x="25" y="-17">i&lt;L-1 &amp;&amp; w&gt;=openL[i]</label>
			<label kind="assignment" x="25" y="0">A=Aclosed,i++,
winLoc=0</label>
		</transition>
		<transition id="id18" controllable="false">
			<source ref="id12"/>
			<target ref="id11"/>
			<label kind="guard" x="25" y="-85">w&gt;=closedL[i]</label>
			<label kind="assignment" x="25" y="-68">A=Aopen,
winLoc=1</label>
			<nail x="17" y="-68"/>
			<nail x="187" y="-68"/>
		</transition>
	</template>
	<system>system Room, Window, Monitor;
    </system>
	<queries>
	</queries>
</nta>
