time,water_depth_basin1,water_depth_basin2,orifice_setting,rain,forecast_low,forecast_high,forecast_int,overflow_duration_basin1,overflow_duration_basin2
2019-09-05 00:00,0.0,0.0,2.25,0,61,61,0.0,0,0
2019-09-05 01:00,0.09348195381780362,0.14399697274544224,3.0,0.0,61,61,0.0,0.0,0.0
2019-09-05 02:00,0.05454034043962926,0.09381604418264286,3.0,0.0,61,61,0.0,0.0,0.0
2019-09-05 03:00,0.031897703275979655,0.05501969338977055,3.0,0.0,48,58,0.04090499999999998,0.0,0.0
2019-09-05 04:00,0.022263580301006013,0.036786655375462766,3.0,0.3090599999999999,0,0,0.01263913043478261,0.0,0.0
2019-09-05 05:00,0.020522830790753534,0.0324181512942304,3.0,0.29069999999999996,31,37,0.0434608695652174,0.0,0.0
2019-09-05 06:00,0.026573042486416197,0.039657105702025665,3.0,0.9996000000000005,61,61,0.0,0.0,0.0
2019-09-05 07:00,0.02517250678810664,0.0373793358588148,3.0,0.0,61,61,0.0,0.0,0.0
2019-09-05 08:00,0.024388939556588822,0.03513354576142016,3.0,0.0,61,61,0.0,0.0,0.0
2019-09-05 09:00,0.02394191602717708,0.03360734367533365,3.0,0.0,61,61,0.0,0.0,0.0
2019-09-05 10:00,0.023626135352215506,0.032534688532706094,3.0,0.0,61,61,0.0,0.0,0.0
2019-09-05 11:00,0.023350098398769958,0.03173825531143754,2.25,0.0,61,61,0.0,0.0,0.0
2019-09-05 12:00,0.051340014901022746,0.0310714589929594,2.25,0.0,61,61,0.0,0.0,0.0
2019-09-05 13:00,0.05651379131523401,0.03049374739405658,2.25,0.0,61,61,0.0,0.0,0.0
2019-09-05 14:00,0.05715289842104207,0.029993836543863044,2.25,0.0,61,61,0.0,0.0,0.0
2019-09-05 15:00,0.05595191597063229,0.029543603721862023,2.25,0.0,61,61,0.0,0.0,0.0
2019-09-05 16:00,0.05393720139488242,0.02912150336208227,2.25,0.0,61,61,0.0,0.0,0.0
2019-09-05 17:00,0.05160390707347573,0.02871430583972595,2.25,0.0,61,61,0.0,0.0,0.0
2019-09-05 18:00,0.0492073426016333,0.02831506478520124,2.25,0.0,61,61,0.0,0.0,0.0
2019-09-05 19:00,0.04687512592975252,0.027920832571402276,2.25,0.0,61,61,0.0,0.0,0.0
2019-09-05 20:00,0.04466377816128303,0.027530906038519015,2.25,0.0,61,61,0.0,0.0,0.0
2019-09-05 21:00,0.04259170882055702,0.027145665733290775,2.25,0.0,61,61,0.0,0.0,0.0
2019-09-05 22:00,0.040658766079811934,0.02676588582956911,2.25,0.0,61,61,0.0,0.0,0.0
2019-09-05 23:00,0.03885707512259877,0.026392367983176797,2.25,0.0,61,61,0.0,0.0,0.0
2019-09-06 00:00,0.03717641308592108,0.02602577675194392,2.25,0.0,61,61,0.0,0.0,0.0
2019-09-06 01:00,0.03560651757455515,0.025666588615554816,2.25,0.0,61,61,0.0,0.0,0.0
2019-09-06 02:00,0.03413789544935505,0.025315097669264718,2.25,0.0,61,61,0.0,0.0,0.0
2019-09-06 03:00,0.032762001405761305,0.024971444558648005,2.25,0.0,61,61,0.0,0.0,0.0
2019-09-06 04:00,0.031471195667009504,0.024635650974697186,2.25,0.0,61,61,0.0,0.0,0.0
2019-09-06 05:00,0.030258644382311763,0.02430765154972498,2.25,0.0,61,61,0.0,0.0,0.0
2019-09-06 06:00,0.029118217435759017,0.023987320205139797,2.25,0.0,61,61,0.0,0.0,0.0
2019-09-06 07:00,0.02804439785213477,0.02367449055879543,2.25,0.0,23,29,0.036968571428571434,0.0,0.0
2019-09-06 08:00,0.07104354523289354,0.040739510186195184,2.25,1.2821399999999996,0,0,0.01512285714285714,0.0,0.0
2019-09-06 09:00,0.128566392898472,0.047062722378066406,2.25,0.3175799999999973,61,61,0.0,0.0,0.0
2019-09-06 10:00,0.15973514578770676,0.04773822703532521,2.25,0.0,61,61,0.0,0.0,0.0
2019-09-06 11:00,0.17986172867746467,0.04891703467208295,2.25,0.0,25,31,0.030779999999999974,0.0,0.0
2019-09-06 12:00,0.2047043760314684,0.06209345698350266,2.25,0.800279999999999,61,61,0.0,0.0,0.0
2019-09-06 13:00,0.23912824471049957,0.06955883340178189,2.25,0.0,61,61,0.0,0.0,0.0
2019-09-06 14:00,0.2640716640105129,0.06873591340754,2.25,0.0,61,61,0.0,0.0,0.0
2019-09-06 15:00,0.2828474590546204,0.06723718959080031,2.25,0.0,36,44,0.021591428571428574,0.0,0.0
2019-09-06 16:00,0.3001947525772199,0.07497364657294342,3.0,0.4457399999999958,0,0,0.009748524590163937,0.0,0.0
2019-09-06 17:00,0.12959829001508757,0.1018460498066111,3.0,0.5910000000000073,0,0,0.005611475409836064,0.0,0.0
2019-09-06 18:00,0.06634718465188519,0.12377923900370409,3.0,0.33119999999999905,0,0,0.014464918032786883,0.0,0.0
2019-09-06 19:00,0.08338520121679463,0.16186071632532928,3.0,0.877379999999996,0,0,0.004980000000000002,0.0,0.0
2019-09-06 20:00,0.09156903776898036,0.1930742617069727,2.25,0.1543799999999882,61,61,0.0,0.0,0.0
2019-09-06 21:00,0.23546745022581078,0.20443041341510382,2.25,0.0,61,61,0.0,0.0,0.0
2019-09-06 22:00,0.3071013588819991,0.20422568468845184,2.25,0.0,61,61,0.0,0.0,0.0
2019-09-06 23:00,0.35703151227668256,0.19683416212820232,2.25,0.0,61,61,0.0,0.0,0.0
2019-09-07 00:00,0.3949078384442202,0.1847768009453651,3.0,0.0,61,61,0.0,0.0,0.0
2019-09-07 01:00,0.2521666493439831,0.1704575417140389,3.0,0.0,61,61,0.0,0.0,0.0
2019-09-07 02:00,0.10746453316928438,0.15649144540980142,3.0,0.0,61,61,0.0,0.0,0.0
2019-09-07 03:00,0.07055016640005521,0.1427277441538579,3.0,0.0,61,61,0.0,0.0,0.0
2019-09-07 04:00,0.06752884679438369,0.12860485668141547,3.0,0.0,61,61,0.0,0.0,0.0
2019-09-07 05:00,0.06528194696132117,0.11488187839439191,3.0,0.0,61,61,0.0,0.0,0.0
2019-09-07 06:00,0.06339917146838306,0.10294404531700427,3.0,0.0,61,61,0.0,0.0,0.0
2019-09-07 07:00,0.06171213254205114,0.09340545889272803,3.0,0.0,61,61,0.0,0.0,0.0
2019-09-07 08:00,0.060148181204166415,0.08578140122464946,3.0,0.0,61,61,0.0,0.0,0.0
2019-09-07 09:00,0.05867406954970287,0.0794619124184958,3.0,0.0,61,61,0.0,0.0,0.0
2019-09-07 10:00,0.05727322056609861,0.07404348952967818,3.0,0.0,61,61,0.0,0.0,0.0
2019-09-07 11:00,0.05593631594365274,0.06932477366216076,3.0,0.0,61,61,0.0,0.0,0.0
2019-09-07 12:00,0.054657324233650204,0.0687491989026185,3.0,0.0,61,61,0.0,0.0,0.0
2019-09-07 13:00,0.05343179573599976,0.06820940602809608,3.0,0.0,61,61,0.0,0.0,0.0
2019-09-07 14:00,0.052256113771127904,0.06706832967294403,3.0,0.0,61,61,0.0,0.0,0.0
2019-09-07 15:00,0.051127156073161144,0.0655114599345771,3.0,0.0,61,61,0.0,0.0,0.0
2019-09-07 16:00,0.05004213472909124,0.06401558971501646,3.0,0.0,61,61,0.0,0.0,0.0
2019-09-07 17:00,0.04899851509817218,0.0625790550889742,3.0,0.0,61,61,0.0,0.0,0.0
2019-09-07 18:00,0.04799397009021185,0.061198930361223466,3.0,0.0,61,61,0.0,0.0,0.0
2019-09-07 19:00,0.04702635126247317,0.05987219865900852,3.0,0.0,61,61,0.0,0.0,0.0
2019-09-07 20:00,0.04609366831389102,0.05859595205185779,3.0,0.0,61,61,0.0,0.0,0.0
2019-09-07 21:00,0.0451940731205477,0.05736745126742967,3.0,0.0,61,61,0.0,0.0,0.0
2019-09-07 22:00,0.04432584650153154,0.05618413617114189,3.0,0.0,61,61,0.0,0.0,0.0
2019-09-07 23:00,0.043487386822481315,0.05504361954386865,3.0,0.0,61,61,0.0,0.0,0.0
2019-09-08 00:00,0.042677199964483166,0.053943675786836495,3.0,0.0,61,61,0.0,0.0,0.0
2019-09-08 01:00,0.041893890383952075,0.05288222866375729,3.0,0.0,61,61,0.0,0.0,0.0
2019-09-08 02:00,0.04113615308636037,0.05185733947874168,3.0,0.0,61,61,0.0,0.0,0.0
2019-09-08 03:00,0.04040276638745424,0.05086719611366648,3.0,0.0,61,61,0.0,0.0,0.0
2019-09-08 04:00,0.03969258536439203,0.049910103003449106,3.0,0.0,61,61,0.0,0.0,0.0
2019-09-08 05:00,0.03900453591725628,0.04898447201080049,3.0,0.0,61,61,0.0,0.0,0.0
2019-09-08 06:00,0.038337609373805016,0.048088814127420644,3.0,0.0,61,61,0.0,0.0,0.0
2019-09-08 07:00,0.03769085757962122,0.04722173192301061,3.0,0.0,61,61,0.0,0.0,0.0
2019-09-08 08:00,0.03706338842321349,0.04638191266756802,3.0,0.0,61,61,0.0,0.0,0.0
2019-09-08 09:00,0.036454361751726984,0.045568122059240906,3.0,0.0,61,61,0.0,0.0,0.0
2019-09-08 10:00,0.035862985638106464,0.04477919849712729,3.0,0.0,61,61,0.0,0.0,0.0
2019-09-08 11:00,0.03528851296501048,0.04401404784502736,3.0,0.0,61,61,0.0,0.0,0.0
2019-09-08 12:00,0.0347302382946414,0.043271638638097666,3.0,0.0,61,61,0.0,0.0,0.0
2019-09-08 13:00,0.03418749499704365,0.042550997689610154,3.0,0.0,61,61,0.0,0.0,0.0
2019-09-08 14:00,0.03365965261237886,0.041851206059650835,3.0,0.0,61,61,0.0,0.0,0.0
2019-09-08 15:00,0.03314611442530258,0.04117139535167013,3.0,0.0,61,61,0.0,0.0,0.0
2019-09-08 16:00,0.03264631523185802,0.040510744306401066,3.0,0.0,61,61,0.0,0.0,0.0
2019-09-08 17:00,0.032159719281344895,0.039868475665832105,3.0,0.0,61,61,0.0,0.0,0.0
2019-09-08 18:00,0.031685818377405646,0.039243853282742436,3.0,0.0,61,61,0.0,0.0,0.0
2019-09-08 19:00,0.031224130124179475,0.03863617945378927,3.0,0.0,61,61,0.0,0.0,0.0
2019-09-08 20:00,0.03077419630477809,0.038044792456359756,3.0,0.0,61,61,0.0,0.0,0.0
2019-09-08 21:00,0.030335581380605024,0.03746906427135568,3.0,0.0,61,61,0.0,0.0,0.0
2019-09-08 22:00,0.02990787110115715,0.036908398475835734,3.0,0.0,61,61,0.0,0.0,0.0
2019-09-08 23:00,0.029490671214944354,0.03636222829099955,3.0,0.0,61,61,0.0,0.0,0.0
2019-09-09 00:00,0.02908360627306493,0.035830014772387765,3.0,0.0,61,61,0.0,0.0,0.0
2019-09-09 01:00,0.02868631851776262,0.03531124513042102,2.25,0.0,61,61,0.0,0.0,0.0
2019-09-09 02:00,0.04564443758518753,0.0347802962870861,2.25,0.0,61,61,0.0,0.0,0.0
2019-09-09 03:00,0.0478017944693143,0.034267441004802925,2.25,0.0,61,61,0.0,0.0,0.0
2019-09-09 04:00,0.047206553636191605,0.033788326468476224,2.25,0.0,61,61,0.0,0.0,0.0
2019-09-09 05:00,0.04578499439929038,0.03333089332348829,2.25,0.0,61,61,0.0,0.0,0.0
2019-09-09 06:00,0.044147469298430886,0.03288607247478562,2.25,0.0,61,61,0.0,0.0,0.0
2019-09-09 07:00,0.042507237438599334,0.032449683443499314,2.25,0.0,61,61,0.0,0.0,0.0
2019-09-09 08:00,0.040934279449842154,0.03202047438202091,2.25,0.0,61,61,0.0,0.0,0.0
2019-09-09 09:00,0.039446712662190124,0.03159846808615734,2.25,0.0,61,61,0.0,0.0,0.0
2019-09-09 10:00,0.0380451726274245,0.031184056755271285,2.25,0.0,61,61,0.0,0.0,0.0
2019-09-09 11:00,0.036725123579440536,0.03077761298942554,2.25,0.0,61,61,0.0,0.0,0.0
2019-09-09 12:00,0.035480910854337445,0.030379368987477565,2.25,0.0,61,61,0.0,0.0,0.0
2019-09-09 13:00,0.034306964528954,0.02998941003559278,3.0,0.0,61,61,0.0,0.0,0.0
2019-09-09 14:00,0.024310935886111093,0.02962176048106596,3.0,0.0,61,61,0.0,0.0,0.0
2019-09-09 15:00,0.024006256089895567,0.029249653440416568,3.0,0.0,61,61,0.0,0.0,0.0
2019-09-09 16:00,0.023713491260527204,0.028880029164575917,3.0,0.0,61,61,0.0,0.0,0.0
2019-09-09 17:00,0.02343001603205974,0.028517436343113753,3.0,0.0,61,61,0.0,0.0,0.0
2019-09-09 18:00,0.023154227868817084,0.028163239260365742,3.0,0.0,26,32,0.010666875000000008,0.0,0.0
2019-09-09 19:00,0.02604308918925021,0.032169720155640416,3.0,0.3367799999999921,0,0,0.004190163934426229,0.0,0.0
2019-09-09 20:00,0.028814297673755977,0.03571813045852931,3.0,0.2515199999999904,0,0,0.003395409836065575,0.0,0.0
2019-09-09 21:00,0.03146741978393361,0.03893037922710452,3.0,0.2037600000000035,0,0,0.013110000000000004,0.0,0.0
2019-09-09 22:00,0.03453200160317842,0.042804000830180385,3.0,0.2097599999999975,61,61,0.0,0.0,0.0
2019-09-09 23:00,0.03533266678356978,0.04370422331430823,3.0,0.0,53,65,0.10908,0.0,0.0
2019-09-10 00:00,0.035830226681210456,0.044796716601659535,3.0,0.19998000000000005,0,0,0.03060196721311474,0.0,0.0
2019-09-10 01:00,0.056514804557695926,0.0800044381996838,3.0,1.8333599999999999,0,0,0.025919016393442622,0.0,0.0
2019-09-10 02:00,0.09464526080356318,0.1589991563292842,3.0,1.5667800000000245,0,0,0.03770262295081967,0.0,0.0
2019-09-10 03:00,0.1515741691408746,0.24004716664018283,3.0,2.199840000000025,0,0,0.05247049180327872,0.0,0.0
2019-09-10 04:00,0.31157851663817937,0.41128401000108616,3.0,3.175680000000005,0,0,0.08237409836065578,0.0,0.0
2019-09-10 05:00,0.49377160539057446,0.6096896385421839,3.0,4.824839999999988,0,0,0.05942262295081974,0.0,0.0
2019-09-10 06:00,0.7336460545232556,0.8610993571291575,3.0,3.5997599999999963,0,0,0.04809639344262294,0.0,0.0
2019-09-10 07:00,0.9118201940818805,1.0606242239398174,3.0,2.8672199999999535,0,0,0.12677213114754088,0.0,0.0
2019-09-10 08:00,1.167694683992298,1.326518160013029,3.0,7.633079999999936,0,0,0.03249836065573774,0.0,0.0
2019-09-10 09:00,1.4128841270532868,1.5838640931624897,3.0,1.9732799999999457,0,0,0.019154754098360635,0.0,0.0
2019-09-10 10:00,1.5868236676990344,1.7767858922282105,3.0,1.1284199999999274,0,0,0.021313770491803264,0.0,0.0
2019-09-10 11:00,1.725487225601775,1.9362922043205304,3.0,1.2924599999999486,0,0,0.005891803278688523,0.0,0.0
2019-09-10 12:00,1.82722641765081,1.9999999999999998,2.25,0.35591999999995494,0,0,0.009556721311475409,0.0,0.525
2019-09-10 13:00,1.9729509455924406,1.9999999999999998,2.25,0.566280000000134,0,0,0.02225803278688525,0.0,1.525
2019-09-10 14:00,1.9999999999999998,1.9999999999999998,2.25,1.3327200000000232,0,0,0.030707213114754092,0.7972222222222223,2.525
2019-09-10 15:00,1.9999999999999998,1.9999999999999998,2.25,1.8509399999999516,0,0,0.0146222950819672,1.7972222222222223,3.525
2019-09-10 16:00,1.9999999999999998,1.9999999999999998,2.25,0.8885399999998711,0,0,0.006598032786885247,2.797222222222222,4.525
2019-09-10 17:00,1.9999999999999998,1.9999999999999998,2.25,0.39581999999990813,0,0,0.010917049180327872,3.797222222222222,5.525
2019-09-10 18:00,1.9999999999999998,1.9999999999999998,2.25,0.6563999999999908,0,0,0.00954,4.7972222222222225,6.525
2019-09-10 19:00,1.9999999999999998,1.9999999999999998,2.25,0.057239999999993074,22,28,0.01340666666666666,5.7972222222222225,7.525
2019-09-10 20:00,1.9999999999999998,1.9999999999999998,2.25,0.47676000000002006,0,0,0.02620819672131149,6.7972222222222225,8.525
2019-09-10 21:00,1.9999999999999998,1.9999999999999998,2.25,1.5736800000000244,0,0,0.05492557377049177,7.7972222222222225,9.525
2019-09-10 22:00,1.9999999999999998,1.9999999999999998,2.25,3.250439999999955,0,0,0.06744139534883721,8.797222222222222,10.525
2019-09-10 23:00,1.9999999999999998,1.9999999999999998,2.25,2.899979999999978,61,61,0.0,9.797222222222222,11.525
2019-09-11 00:00,1.9999999999999998,1.9999999999999998,2.25,0.0,61,61,0.0,10.797222222222222,12.525
2019-09-11 01:00,1.9999999999999998,1.9999999999999998,2.25,0.0,61,61,0.0,11.797222222222222,13.525
2019-09-11 02:00,1.9999999999999998,1.9999999999999998,2.25,0.0,61,61,0.0,12.797222222222222,14.525
2019-09-11 03:00,1.9999999999999998,1.9999999999999998,2.25,0.0,61,61,0.0,13.797222222222222,15.525
2019-09-11 04:00,1.9999999999999998,1.9999999999999998,2.25,0.0,61,61,0.0,14.797222222222222,16.525
2019-09-11 05:00,1.9999999999999998,1.9999999999999998,2.25,0.0,61,61,0.0,15.797222222222222,17.525
2019-09-11 06:00,1.9999999999999998,1.9999999999999998,2.25,0.0,61,61,0.0,16.79722222222222,18.525
2019-09-11 07:00,1.9999999999999998,1.9999999999999998,2.25,0.0,61,61,0.0,17.79722222222222,19.525
2019-09-11 08:00,1.9999999999999998,1.9991279705808385,2.25,0.0,61,61,0.0,18.79722222222222,19.930555555555557
2019-09-11 09:00,1.9999999999999998,1.994013473888697,2.25,0.0,61,61,0.0,19.79722222222222,19.930555555555557
2019-09-11 10:00,1.9999999999999998,1.9848507198414114,2.25,0.0,61,61,0.0,20.79722222222222,19.930555555555557
2019-09-11 11:00,1.9999999999999998,1.9721443386816717,3.0,0.0,10,12,0.037333200000000004,21.79722222222222,19.930555555555557
2019-09-11 12:00,1.9496089672329247,1.962211227368313,2.25,1.83329999999998,0,0,0.042084590163934434,21.79722222222222,19.930555555555557
2019-09-11 13:00,1.9927257521864448,1.969035333267632,2.25,2.5171799999999607,0,0,0.01833836065573771,21.79722222222222,19.930555555555557
2019-09-11 14:00,1.9999999999999998,1.987453504607516,3.0,1.1129399999999876,0,0,0.008287868852459022,22.66111111111111,19.930555555555557
2019-09-11 15:00,1.9775063965026958,1.9999999999999998,3.0,0.49787999999996657,0,0,0.006454426229508197,22.663888888888888,20.227777777777778
2019-09-11 16:00,1.9519925257586608,1.9999999999999998,3.0,0.3715199999999186,0,0,0.03334714285714286,22.663888888888888,21.227777777777778
2019-09-11 17:00,1.925966791550776,1.9999999999999998,3.0,0.46685999999998273,61,61,0.0,22.663888888888888,22.227777777777778
2019-09-11 18:00,1.8939657804548187,1.9999999999999998,3.0,0.0,61,61,0.0,22.663888888888888,23.227777777777778
2019-09-11 19:00,1.8561335993291963,1.9999146824191447,3.0,0.0,61,61,0.0,22.663888888888888,24.041666666666668
2019-09-11 20:00,1.813106670741562,1.9966395304213742,3.0,0.0,61,61,0.0,22.663888888888888,24.041666666666668
2019-09-11 21:00,1.7653853053549982,1.9890873602697796,3.0,0.0,61,61,0.0,22.663888888888888,24.041666666666668
2019-09-11 22:00,1.7133575303515163,1.9778065145941652,3.0,0.0,61,61,0.0,22.663888888888888,24.041666666666668
2019-09-11 23:00,1.6573198401268756,1.9632432150983314,3.0,0.0,61,61,0.0,22.663888888888888,24.041666666666668
2019-09-12 00:00,1.5974924405864768,1.9457636467154842,3.0,0.0,61,61,0.0,22.663888888888888,24.041666666666668
2019-09-12 01:00,1.5340299644556779,1.9256704795777306,3.0,0.0,61,61,0.0,22.663888888888888,24.041666666666668
2019-09-12 02:00,1.4670285928996618,1.903215353995834,3.0,0.0,61,61,0.0,22.663888888888888,24.041666666666668
2019-09-12 03:00,1.3965301779108004,1.8786084290938598,3.0,0.0,61,61,0.0,22.663888888888888,24.041666666666668
2019-09-12 04:00,1.3225236556760176,1.852025766111497,3.0,0.0,61,61,0.0,22.663888888888888,24.041666666666668
2019-09-12 05:00,1.2449437681435087,1.8236150905942379,3.0,0.0,61,61,0.0,22.663888888888888,24.041666666666668
2019-09-12 06:00,1.1636668304987903,1.793500322710841,3.0,0.0,61,61,0.0,22.663888888888888,24.041666666666668
2019-09-12 07:00,1.0785029573750644,1.7617851574037708,3.0,0.0,61,61,0.0,22.663888888888888,24.041666666666668
2019-09-12 08:00,0.989183760196435,1.7285558999039186,3.0,0.0,61,61,0.0,22.663888888888888,24.041666666666668
2019-09-12 09:00,0.895344077109776,1.6938837067398045,3.0,0.0,61,61,0.0,22.663888888888888,24.041666666666668
2019-09-12 10:00,0.7964960879420508,1.6578263404244635,3.0,0.0,61,61,0.0,22.663888888888888,24.041666666666668
2019-09-12 11:00,0.6919957035974658,1.6204295117876082,3.0,0.0,61,61,0.0,22.663888888888888,24.041666666666668
2019-09-12 12:00,0.5810116454477077,1.581727851575404,3.0,0.0,61,61,0.0,22.663888888888888,24.041666666666668
2019-09-12 13:00,0.4625651825766272,1.541745513408109,3.0,0.0,61,61,0.0,22.663888888888888,24.041666666666668
2019-09-12 14:00,0.3360540124274752,1.5004963437390215,3.0,0.0,61,61,0.0,22.663888888888888,24.041666666666668
2019-09-12 15:00,0.20531337765358373,1.4579834191052088,3.0,0.0,61,61,0.0,22.663888888888888,24.041666666666668
2019-09-12 16:00,0.10752366141080806,1.4141977650874133,3.0,0.0,61,61,0.0,22.663888888888888,24.041666666666668
2019-09-12 17:00,0.10336983223060614,1.3691206846448316,3.0,0.0,61,61,0.0,22.663888888888888,24.041666666666668
2019-09-12 18:00,0.10023078377352024,1.3227419992524434,3.0,0.0,61,61,0.0,22.663888888888888,24.041666666666668
2019-09-12 19:00,0.09736908666976554,1.2750496484469303,2.25,0.0,18,22,0.01910926829268292,22.663888888888888,24.041666666666668
2019-09-12 20:00,0.1986880097655921,1.2287976485111003,3.0,0.7755000000000578,0,0,0.00798,22.663888888888888,24.041666666666668
2019-09-12 21:00,0.10755829171362484,1.184487048165646,3.0,0.023940000000010286,61,61,0.0,22.663888888888888,24.041666666666668
2019-09-12 22:00,0.10027947448872791,1.1386875970765242,2.25,0.0,6,8,0.0071188888888888795,22.663888888888888,24.041666666666668
2019-09-12 23:00,0.21230151747089548,1.0935550233131293,2.25,0.3809400000001588,0,0,0.006585454545454547,22.663888888888888,24.041666666666668
2019-09-13 00:00,0.28031212112821996,1.0493669875896594,3.0,0.21732000000002216,61,61,0.0,22.663888888888888,24.041666666666668
2019-09-13 01:00,0.15714778857618786,1.004077923315125,3.0,0.0,61,61,0.0,22.663888888888888,24.041666666666668
2019-09-13 02:00,0.0989315876875346,0.9570569025309933,3.0,0.0,61,61,0.0,22.663888888888888,24.041666666666668
2019-09-13 03:00,0.09693264066545515,0.9081849868266414,2.25,0.0,61,61,0.0,22.663888888888888,24.041666666666668
2019-09-13 04:00,0.1962807708189135,0.8573649026756404,2.25,0.0,61,61,0.0,22.663888888888888,24.041666666666668
2019-09-13 05:00,0.24814941833466198,0.804498181507635,2.25,0.0,61,61,0.0,22.663888888888888,24.041666666666668
2019-09-13 06:00,0.2839846065606472,0.7494941033016776,2.25,0.0,61,61,0.0,22.663888888888888,24.041666666666668
2019-09-13 07:00,0.3107219496768189,0.6922231608666277,2.25,0.0,61,61,0.0,22.663888888888888,24.041666666666668
2019-09-13 08:00,0.331318610136535,0.63251077239789,2.25,0.0,61,61,0.0,22.663888888888888,24.041666666666668
2019-09-13 09:00,0.34737466893208413,0.5701349921494316,2.25,0.0,61,61,0.0,22.663888888888888,24.041666666666668
2019-09-13 10:00,0.3598775507355158,0.5048222594679104,2.25,0.0,34,42,0.19998,22.663888888888888,24.041666666666668
2019-09-13 11:00,0.37582825919707613,0.44155610109686205,2.25,0.7999199999999931,61,61,0.0,22.663888888888888,24.041666666666668
2019-09-13 12:00,0.39991336605421063,0.38648808365334586,2.25,0.0,61,61,0.0,22.663888888888888,24.041666666666668
2019-09-13 13:00,0.4192317823622712,0.3296333379538352,2.25,0.0,61,61,0.0,22.663888888888888,24.041666666666668
2019-09-13 14:00,0.43473992638773934,0.2716919825448836,2.25,0.0,61,61,0.0,22.663888888888888,24.041666666666668
2019-09-13 15:00,0.4471128003246307,0.2143169055597428,2.25,0.0,61,61,0.0,22.663888888888888,24.041666666666668
2019-09-13 16:00,0.45684795537772327,0.16145734510771387,2.25,0.0,61,61,0.0,22.663888888888888,24.041666666666668
2019-09-13 17:00,0.4643228767894338,0.12061402118590962,2.25,0.0,61,61,0.0,22.663888888888888,24.041666666666668
2019-09-13 18:00,0.46983131702512243,0.09775354102941551,2.25,0.0,61,61,0.0,22.663888888888888,24.041666666666668
2019-09-13 19:00,0.47360692881268746,0.08753298503954565,2.25,0.0,61,61,0.0,22.663888888888888,24.041666666666668
2019-09-13 20:00,0.4758390203204062,0.08400997804970466,2.25,0.0,61,61,0.0,22.663888888888888,24.041666666666668
2019-09-13 21:00,0.4766833528830054,0.08299482688364128,2.25,0.0,61,61,0.0,22.663888888888888,24.041666666666668
2019-09-13 22:00,0.4762697468175302,0.08205074730920435,2.25,0.0,61,61,0.0,22.663888888888888,24.041666666666668
2019-09-13 23:00,0.47470757615452835,0.08105747353373856,2.25,0.0,61,61,0.0,22.663888888888888,24.041666666666668
2019-09-14 00:00,0.4720898293139917,0.0791573653568545,2.25,0.0,61,61,0.0,22.663888888888888,24.041666666666668
2019-09-14 01:00,0.4684961710533905,0.07726626317643408,2.25,0.0,61,61,0.0,22.663888888888888,24.041666666666668
2019-09-14 02:00,0.46399529309548165,0.07544360456624717,2.25,0.0,61,61,0.0,22.663888888888888,24.041666666666668
2019-09-14 03:00,0.4586467480910219,0.07368860994742397,2.25,0.0,61,61,0.0,22.663888888888888,24.041666666666668
2019-09-14 04:00,0.45250240191562635,0.0719995208262718,2.25,0.0,61,61,0.0,22.663888888888888,24.041666666666668
2019-09-14 05:00,0.44560760018703105,0.07037455630053091,2.25,0.0,61,61,0.0,22.663888888888888,24.041666666666668
2019-09-14 06:00,0.43800211882262874,0.06881217871854213,2.25,0.0,61,61,0.0,22.663888888888888,24.041666666666668
2019-09-14 07:00,0.42972095109813113,0.0673112089466594,2.25,0.0,61,61,0.0,22.663888888888888,24.041666666666668
2019-09-14 08:00,0.42079497274161065,0.06587093896899186,2.25,0.0,61,61,0.0,22.663888888888888,24.041666666666668
2019-09-14 09:00,0.4112515223783676,0.06449134656159983,2.25,0.0,61,61,0.0,22.663888888888888,24.041666666666668
2019-09-14 10:00,0.40111495030230626,0.0631737678840917,2.25,0.0,61,61,0.0,22.663888888888888,24.041666666666668
2019-09-14 11:00,0.39040710374513815,0.061920917480944755,2.25,0.0,61,61,0.0,22.663888888888888,24.041666666666668
2019-09-14 12:00,0.3791472905956289,0.0607288274864518,2.25,0.0,61,61,0.0,22.663888888888888,24.041666666666668
2019-09-14 13:00,0.36735240972079863,0.059587706158237,2.25,0.0,61,61,0.0,22.663888888888888,24.041666666666668
2019-09-14 14:00,0.35503743668657434,0.05848868102917805,2.25,0.0,61,61,0.0,22.663888888888888,24.041666666666668
2019-09-14 15:00,0.3422159085600231,0.05742558544283148,2.25,0.0,61,61,0.0,22.663888888888888,24.041666666666668
2019-09-14 16:00,0.3289003935346883,0.05639437890036958,2.25,0.0,61,61,0.0,22.663888888888888,24.041666666666668
2019-09-14 17:00,0.315103003421594,0.055392299953693894,2.25,0.0,61,61,0.0,22.663888888888888,24.041666666666668
2019-09-14 18:00,0.3008360129291401,0.054417280639902435,2.25,0.0,61,61,0.0,22.663888888888888,24.041666666666668
2019-09-14 19:00,0.2861126604577164,0.05346761606746731,2.25,0.0,61,61,0.0,22.663888888888888,24.041666666666668
2019-09-14 20:00,0.2709482307239368,0.05254179319882015,2.25,0.0,61,61,0.0,22.663888888888888,24.041666666666668
2019-09-14 21:00,0.25536156427704737,0.051638404838266996,2.25,0.0,61,61,0.0,22.663888888888888,24.041666666666668
2019-09-14 22:00,0.23937721059437891,0.05075610616759193,2.25,0.0,61,61,0.0,22.663888888888888,24.041666666666668
2019-09-14 23:00,0.22302855279133785,0.04989359220443967,2.25,0.0,61,61,0.0,22.663888888888888,24.041666666666668
2019-09-15 00:00,0.20636240130686329,0.04904958639512143,2.25,0.0,61,61,0.0,22.663888888888888,24.041666666666668
2019-09-15 01:00,0.18944580100188363,0.04822283711039239,2.25,0.0,61,61,0.0,22.663888888888888,24.041666666666668
2019-09-15 02:00,0.17237612267601402,0.0474121231224005,3.0,0.0,19,23,0.03700349999999998,22.663888888888888,24.041666666666668
2019-09-15 03:00,0.054055544623724826,0.06547163848928192,3.0,1.4401199999999434,0,0,0.05015901639344265,22.663888888888888,24.041666666666668
2019-09-15 04:00,0.10035136735925079,0.14403913358246498,3.0,3.009719999999959,0,0,0.040642622950819655,22.663888888888888,24.041666666666668
2019-09-15 05:00,0.21112470149782228,0.28795835170117834,3.0,2.4674399999999537,0,0,0.011760000000000001,22.663888888888888,24.041666666666668
2019-09-15 06:00,0.27834973859117235,0.3914825862865758,3.0,0.08231999999998152,61,61,0.0,22.663888888888888,24.041666666666668
2019-09-15 07:00,0.29786662544067827,0.4514416350338014,3.0,0.0,61,61,0.0,22.663888888888888,24.041666666666668
2019-09-15 08:00,0.29472254901786415,0.4885784631637632,3.0,0.0,61,61,0.0,22.663888888888888,24.041666666666668
2019-09-15 09:00,0.2784084027116357,0.5102280736483338,3.0,0.0,61,61,0.0,22.663888888888888,24.041666666666668
2019-09-15 10:00,0.25427187010476854,0.5203766510124608,3.0,0.0,61,61,0.0,22.663888888888888,24.041666666666668
2019-09-15 11:00,0.22629144792256278,0.5215667708748858,3.0,0.0,61,61,0.0,22.663888888888888,24.041666666666668
2019-09-15 12:00,0.19793995182391128,0.5155367975983915,3.0,0.0,61,61,0.0,22.663888888888888,24.041666666666668
2019-09-15 13:00,0.17214413406050721,0.5035352211141327,3.0,0.0,61,61,0.0,22.663888888888888,24.041666666666668
2019-09-15 14:00,0.15067121694749364,0.48658169578039484,3.0,0.0,61,61,0.0,22.663888888888888,24.041666666666668
2019-09-15 15:00,0.13370412191622788,0.46541857516384233,3.0,0.0,61,61,0.0,22.663888888888888,24.041666666666668
2019-09-15 16:00,0.12034559864478098,0.4405801980985038,3.0,0.0,61,61,0.0,22.663888888888888,24.041666666666668
2019-09-15 17:00,0.10955157454372381,0.4125141894125137,3.0,0.0,61,61,0.0,22.663888888888888,24.041666666666668
2019-09-15 18:00,0.10057951070802137,0.3816387179587827,3.0,0.0,61,61,0.0,22.663888888888888,24.041666666666668
2019-09-15 19:00,0.09296435101411138,0.34839050093697094,3.0,0.0,61,61,0.0,22.663888888888888,24.041666666666668
2019-09-15 20:00,0.08640909434441398,0.3132846102050459,3.0,0.0,61,61,0.0,22.663888888888888,24.041666666666668
2019-09-15 21:00,0.08417901895659337,0.2769990607830198,3.0,0.0,61,61,0.0,22.663888888888888,24.041666666666668
2019-09-15 22:00,0.08315655595666373,0.240494092185931,3.0,0.0,61,61,0.0,22.663888888888888,24.041666666666668
2019-09-15 23:00,0.08220582378915876,0.2051675189656322,3.0,0.0,61,61,0.0,22.663888888888888,24.041666666666668
2019-09-16 00:00,0.08032344523159629,0.17292617107725777,3.0,0.0,61,61,0.0,22.663888888888888,24.041666666666668
2019-09-16 01:00,0.07817722648915834,0.14589217370590865,3.0,0.0,61,61,0.0,22.663888888888888,24.041666666666668
2019-09-16 02:00,0.07612793846797708,0.1254207173277033,3.0,0.0,61,61,0.0,22.663888888888888,24.041666666666668
2019-09-16 03:00,0.07417101045361682,0.11106294162597775,3.0,0.0,61,61,0.0,22.663888888888888,24.041666666666668
2019-09-16 04:00,0.07230103819577959,0.10096583400694537,3.0,0.0,61,61,0.0,22.663888888888888,24.041666666666668
2019-09-16 05:00,0.07051266034031915,0.09331122745729829,3.0,0.0,61,61,0.0,22.663888888888888,24.041666666666668
2019-09-16 06:00,0.06880081942618754,0.087020353436298,3.0,0.0,61,61,0.0,22.663888888888888,24.041666666666668
2019-09-16 07:00,0.06716082249988353,0.08159332957763783,3.0,0.0,61,61,0.0,22.663888888888888,24.041666666666668
2019-09-16 08:00,0.06558833651709722,0.07805419230504189,3.0,0.0,61,61,0.0,22.663888888888888,24.041666666666668
2019-09-16 09:00,0.06407936380602784,0.07725853923193157,3.0,0.0,61,61,0.0,22.663888888888888,24.041666666666668
2019-09-16 10:00,0.06263021495592905,0.07654034372022685,3.0,0.0,61,61,0.0,22.663888888888888,24.041666666666668
2019-09-16 11:00,0.06123747942561118,0.07565151143558914,3.0,0.0,61,61,0.0,22.663888888888888,24.041666666666668
2019-09-16 12:00,0.05989800041911507,0.07392808507204007,3.0,0.0,61,61,0.0,22.663888888888888,24.041666666666668
2019-09-16 13:00,0.05860885169582067,0.0722487404902435,3.0,0.0,61,61,0.0,22.663888888888888,24.041666666666668
2019-09-16 14:00,0.05736731718276899,0.07063257000596265,3.0,0.0,61,61,0.0,22.663888888888888,24.041666666666668
2019-09-16 15:00,0.05617087244293055,0.0690773778317285,3.0,0.0,61,61,0.0,22.663888888888888,24.041666666666668
2019-09-16 16:00,0.05501716796107674,0.06758026204103695,3.0,0.0,61,61,0.0,22.663888888888888,24.041666666666668
2019-09-16 17:00,0.05390401420538567,0.06613825700495833,3.0,0.0,61,61,0.0,22.663888888888888,24.041666666666668
2019-09-16 18:00,0.05282936820898201,0.06474851638373837,3.0,0.0,61,61,0.0,22.663888888888888,24.041666666666668
2019-09-16 19:00,0.051791321484081713,0.06340835949786765,3.0,0.0,61,61,0.0,22.663888888888888,24.041666666666668
2019-09-16 20:00,0.05078808911488761,0.062115275737314055,3.0,0.0,61,61,0.0,22.663888888888888,24.041666666666668
2019-09-16 21:00,0.04981799989701094,0.0608669165781061,3.0,0.0,61,61,0.0,22.663888888888888,24.041666666666668
2019-09-16 22:00,0.04887948740813094,0.059661084489742,3.0,0.0,61,61,0.0,22.663888888888888,24.041666666666668
2019-09-16 23:00,0.047971081908872226,0.05849572162168228,3.0,0.0,49,59,0.09523714285714283,22.663888888888888,24.041666666666668
2019-09-17 00:00,0.05025126215021025,0.06044467925993122,3.0,0.6332999999999913,0,0,0.012653793103448278,22.663888888888888,24.041666666666668
2019-09-17 01:00,0.05827623461483672,0.06954461518703045,3.0,0.3669599999999775,61,61,0.0,22.663888888888888,24.041666666666668
2019-09-17 02:00,0.05931826201601673,0.07107970716279008,3.0,0.0,33,41,0.044459999999999986,22.663888888888888,24.041666666666668
2019-09-17 03:00,0.06348185721523503,0.07723647773117427,3.0,0.4001399999999933,61,61,0.0,22.663888888888888,24.041666666666668
2019-09-17 04:00,0.06374563222765081,0.07985172759074512,3.75,0.0,19,23,0.034988999999999985,22.663888888888888,24.041666666666668
2019-09-17 05:00,0.0724978704413751,0.0973516143754051,3.75,1.2995400000000643,0,0,0.019824590163934428,22.663888888888888,24.041666666666668
2019-09-17 06:00,0.0950071429781859,0.18299016053042833,3.75,1.2043199999999956,0,0,0.008408571428571425,22.663888888888888,24.041666666666668
2019-09-17 07:00,0.10275540806568219,0.23214181357724226,3.0,0.29429999999995005,61,61,0.0,22.663888888888888,24.041666666666668
2019-09-17 08:00,0.12584502683293353,0.2576630462019091,3.0,0.0,61,61,0.0,22.663888888888888,24.041666666666668
2019-09-17 09:00,0.12042030532058678,0.26800396845138974,3.0,0.0,61,61,0.0,22.663888888888888,24.041666666666668
2019-09-17 10:00,0.11098629107006179,0.26839716750766673,3.0,0.0,61,61,0.0,22.663888888888888,24.041666666666668
2019-09-17 11:00,0.10182429111863844,0.2614816064202587,3.0,0.0,61,61,0.0,22.663888888888888,24.041666666666668
2019-09-17 12:00,0.09377416361257508,0.2490417983099402,3.0,0.0,61,61,0.0,22.663888888888888,24.041666666666668
2019-09-17 13:00,0.08681501889112055,0.23251638243231745,3.0,0.0,61,61,0.0,22.663888888888888,24.041666666666668
2019-09-17 14:00,0.08178918566228134,0.2132366143587991,3.0,0.0,61,61,0.0,22.663888888888888,24.041666666666668
2019-09-17 15:00,0.08084408151969208,0.19273295837742277,3.0,0.0,61,61,0.0,22.663888888888888,24.041666666666668
2019-09-17 16:00,0.07996374120192401,0.172421209530282,3.0,0.0,61,61,0.0,22.663888888888888,24.041666666666668
2019-09-17 17:00,0.07861589610266422,0.1534930976026915,3.0,0.0,61,61,0.0,22.663888888888888,24.041666666666668
2019-09-17 18:00,0.07650127207125569,0.1368496972416126,3.0,0.0,61,61,0.0,22.663888888888888,24.041666666666668
2019-09-17 19:00,0.07448242423315093,0.12290769987413491,3.0,0.0,61,61,0.0,22.663888888888888,24.041666666666668
2019-09-17 20:00,0.07255576916964905,0.11154032084385487,3.0,0.0,61,61,0.0,22.663888888888888,24.041666666666668
2019-09-17 21:00,0.07071603406517193,0.1022705140600925,3.0,0.0,61,61,0.0,22.663888888888888,24.041666666666668
2019-09-17 22:00,0.06895783794666532,0.0945605995123109,3.0,0.0,61,61,0.0,22.663888888888888,24.041666666666668
2019-09-17 23:00,0.06727605661526537,0.08798878779476214,3.0,0.0,61,61,0.0,22.663888888888888,24.041666666666668
2019-09-18 00:00,0.06566592191707706,0.08227526524117823,3.0,0.0,61,61,0.0,22.663888888888888,24.041666666666668
2019-09-18 01:00,0.0641230307738952,0.07724074780708055,3.0,0.0,61,61,0.0,22.663888888888888,24.041666666666668
2019-09-18 02:00,0.06264332482030925,0.07567340453790947,3.0,0.0,61,61,0.0,22.663888888888888,24.041666666666668
2019-09-18 03:00,0.06122306300066886,0.07496953414309082,3.0,0.0,61,61,0.0,22.663888888888888,24.041666666666668
2019-09-18 04:00,0.05985879324418641,0.07428992238534818,3.0,0.0,61,61,0.0,22.663888888888888,24.041666666666668
2019-09-18 05:00,0.05854732499564274,0.07282502476726417,3.0,0.0,61,61,0.0,22.663888888888888,24.041666666666668
2019-09-18 06:00,0.05728570540929486,0.07116283346157604,3.0,0.0,61,61,0.0,22.663888888888888,24.041666666666668
2019-09-18 07:00,0.05607119768338127,0.06956287341929088,3.0,0.0,61,61,0.0,22.663888888888888,24.041666666666668
2019-09-18 08:00,0.054901261881669286,0.068023735727045,3.0,0.0,61,61,0.0,22.663888888888888,24.041666666666668
2019-09-18 09:00,0.05377353743068328,0.0665426787893994,3.0,0.0,61,61,0.0,22.663888888888888,24.041666666666668
2019-09-18 10:00,0.05268582750282076,0.06511675909428,3.0,0.0,61,61,0.0,22.663888888888888,24.041666666666668
2019-09-18 11:00,0.05163608502350535,0.06374310883544441,3.0,0.0,61,61,0.0,22.663888888888888,24.041666666666668
2019-09-18 12:00,0.05062240009424153,0.062419014569205476,3.0,0.0,61,61,0.0,22.663888888888888,24.041666666666668
2019-09-18 13:00,0.04964298866402539,0.061141932424366024,3.0,0.0,61,61,0.0,22.663888888888888,24.041666666666668
2019-09-18 14:00,0.04869618230646261,0.05990948349287115,3.0,0.0,61,61,0.0,22.663888888888888,24.041666666666668
2019-09-18 15:00,0.047780418978783164,0.058719443559836826,3.0,0.0,61,61,0.0,22.663888888888888,24.041666666666668
2019-09-18 16:00,0.046894234654572625,0.05756973175796696,3.0,0.0,61,61,0.0,22.663888888888888,24.041666666666668
2019-09-18 17:00,0.04603625573539401,0.056458399591814534,3.0,0.0,61,61,0.0,22.663888888888888,24.041666666666668
2019-09-18 18:00,0.045205192158014634,0.05538362074248472,3.0,0.0,61,61,0.0,22.663888888888888,24.041666666666668
2019-09-18 19:00,0.04439983112395085,0.05434368172421292,3.0,0.0,61,61,0.0,22.663888888888888,24.041666666666668
2019-09-18 20:00,0.04361903138671476,0.0533369733569095,3.0,0.0,61,61,0.0,22.663888888888888,24.041666666666668
2019-09-18 21:00,0.04286171803969856,0.05236198298890171,3.0,0.0,61,61,0.0,22.663888888888888,24.041666666666668
2019-09-18 22:00,0.04212687775419852,0.05141728739985253,3.0,0.0,61,61,0.0,22.663888888888888,24.041666666666668
2019-09-18 23:00,0.04141355442282092,0.05050154631768095,3.0,0.0,61,61,0.0,22.663888888888888,24.041666666666668
2019-09-19 00:00,0.04072084516851869,0.04961349648930247,3.0,0.0,61,61,0.0,22.663888888888888,24.041666666666668
2019-09-19 01:00,0.040047896683909956,0.04875194625119237,3.0,0.0,61,61,0.0,22.663888888888888,24.041666666666668
2019-09-19 02:00,0.03939390186937146,0.0479157705515299,3.0,0.0,61,61,0.0,22.663888888888888,24.041666666666668
2019-09-19 03:00,0.03875809674179946,0.04710390638085274,3.0,0.0,61,61,0.0,22.663888888888888,24.041666666666668
2019-09-19 04:00,0.03813975758890553,0.046315348572753545,3.0,0.0,61,61,0.0,22.663888888888888,24.041666666666668
2019-09-19 05:00,0.037538198346552476,0.04554914594020851,3.0,0.0,61,61,0.0,22.663888888888888,24.041666666666668
2019-09-19 06:00,0.03695276817896202,0.04480439771673097,3.0,0.0,61,61,0.0,22.663888888888888,24.041666666666668
2019-09-19 07:00,0.03638284924368084,0.04408025027471908,3.0,0.0,61,61,0.0,22.663888888888888,24.041666666666668
2019-09-19 08:00,0.03582785462502402,0.04337589409618628,3.0,0.0,61,61,0.0,22.663888888888888,24.041666666666668
2019-09-19 09:00,0.035287226421330614,0.04269056097356634,3.0,0.0,61,61,0.0,22.663888888888888,24.041666666666668
2019-09-19 10:00,0.03476043397280991,0.042023521420497596,3.0,0.0,61,61,0.0,22.663888888888888,24.041666666666668
2019-09-19 11:00,0.034246972218045194,0.04137408227447809,3.0,0.0,61,61,0.0,22.663888888888888,24.041666666666668
2019-09-19 12:00,0.03374636016835936,0.04074158447503238,3.0,0.0,61,61,0.0,22.663888888888888,24.041666666666668
2019-09-19 13:00,0.03325813949027927,0.04012540100261082,3.0,0.0,61,61,0.0,22.663888888888888,24.041666666666668
2019-09-19 14:00,0.03278187318724395,0.03952493496483795,2.25,0.0,61,61,0.0,22.663888888888888,24.041666666666668
2019-09-19 15:00,0.05005408801135891,0.03891003394576265,2.25,0.0,61,61,0.0,22.663888888888888,24.041666666666668
2019-09-19 16:00,0.052834501799980546,0.03831702325221832,2.25,0.0,61,61,0.0,22.663888888888888,24.041666666666668
2019-09-19 17:00,0.052521662122351535,0.037764494671224356,2.25,0.0,61,61,0.0,22.663888888888888,24.041666666666668
2019-09-19 18:00,0.05114844659223011,0.0372368768326925,2.25,0.0,61,61,0.0,22.663888888888888,24.041666666666668
2019-09-19 19:00,0.049424725921355425,0.03672314973768444,2.25,0.0,61,61,0.0,22.663888888888888,24.041666666666668
2019-09-19 20:00,0.047634521045500075,0.03621862418860041,2.25,0.0,61,61,0.0,22.663888888888888,24.041666666666668
2019-09-19 21:00,0.04588964868254976,0.03572216570600802,2.25,0.0,61,61,0.0,22.663888888888888,24.041666666666668
2019-09-19 22:00,0.04422892187809347,0.03523406379282946,2.25,0.0,61,61,0.0,22.663888888888888,24.041666666666668
2019-09-19 23:00,0.04266138928352441,0.03475493338307177,2.25,0.0,61,61,0.0,22.663888888888888,24.041666666666668
2019-09-20 00:00,0.04118502411787871,0.03428527811398822,2.25,0.0,61,61,0.0,22.663888888888888,24.041666666666668
2019-09-20 01:00,0.03979430208150673,0.0338253803924079,2.25,0.0,61,61,0.0,22.663888888888888,24.041666666666668
2019-09-20 02:00,0.038483006557666524,0.033375321103398206,3.0,0.0,61,61,0.0,22.663888888888888,24.041666666666668
2019-09-20 03:00,0.02755211772286359,0.032953010642629565,3.0,0.0,61,61,0.0,22.663888888888888,24.041666666666668
2019-09-20 04:00,0.027188824105723715,0.032522955366814404,3.0,0.0,61,61,0.0,22.663888888888888,24.041666666666668
2019-09-20 05:00,0.026840851536553273,0.03209567614108539,3.0,0.0,61,61,0.0,22.663888888888888,24.041666666666668
2019-09-20 06:00,0.026504370349848448,0.03167734798603918,3.0,0.0,61,61,0.0,22.663888888888888,24.041666666666668
2019-09-20 07:00,0.02617719486205192,0.031269426833430605,3.0,0.0,61,61,0.0,22.663888888888888,24.041666666666668
2019-09-20 08:00,0.025858036950969086,0.03087174323503058,3.0,0.0,61,61,0.0,22.663888888888888,24.041666666666668
2019-09-20 09:00,0.02554610259430253,0.030483686217932647,3.0,0.0,61,61,0.0,22.663888888888888,24.041666666666668
2019-09-20 10:00,0.025240872335002093,0.03010461655139444,3.0,0.0,61,61,0.0,22.663888888888888,24.041666666666668
2019-09-20 11:00,0.02494198117514138,0.029733983652694893,3.0,0.0,61,61,0.0,22.663888888888888,24.041666666666668
2019-09-20 12:00,0.024649152509263486,0.029371337961893392,3.0,0.0,61,61,0.0,22.663888888888888,24.041666666666668
2019-09-20 13:00,0.024362161572493178,0.029016312946497213,3.0,0.0,61,61,0.0,22.663888888888888,24.041666666666668
2019-09-20 14:00,0.02408081508398471,0.028668603142044034,3.0,0.0,61,61,0.0,22.663888888888888,24.041666666666668
2019-09-20 15:00,0.023804939817806053,0.02832794607810623,3.0,0.0,61,61,0.0,22.663888888888888,24.041666666666668
2019-09-20 16:00,0.02353437611780048,0.027994109272826476,3.0,0.0,61,61,0.0,22.663888888888888,24.041666666666668
2019-09-20 17:00,0.023268974163747798,0.027666881455827453,3.0,0.0,61,61,0.0,22.663888888888888,24.041666666666668
2019-09-20 18:00,0.023008591776780468,0.027346066838252945,3.0,0.0,61,61,0.0,22.663888888888888,24.041666666666668
2019-09-20 19:00,0.02275309309127095,0.027031481427996898,3.0,0.0,61,61,0.0,22.663888888888888,24.041666666666668
2019-09-20 20:00,0.02250234771814417,0.02672295066360192,3.0,0.0,61,61,0.0,22.663888888888888,24.041666666666668
2019-09-20 21:00,0.02225623018963543,0.026420307878232456,3.0,0.0,61,61,0.0,22.663888888888888,24.041666666666668
2019-09-20 22:00,0.022014619567380583,0.026123393278946732,3.0,0.0,61,61,0.0,22.663888888888888,24.041666666666668
2019-09-20 23:00,0.02177739914705958,0.025832053243807506,3.0,0.0,61,61,0.0,22.663888888888888,24.041666666666668
2019-09-21 00:00,0.02154445622161346,0.025546139815064085,3.0,0.0,61,61,0.0,22.663888888888888,24.041666666666668
2019-09-21 01:00,0.02131568188127787,0.02526551031415041,3.0,0.0,61,61,0.0,22.663888888888888,24.041666666666668
2019-09-21 02:00,0.021090970837852725,0.02499002703349585,3.0,0.0,61,61,0.0,22.663888888888888,24.041666666666668
2019-09-21 03:00,0.02087022126584057,0.02471955697796055,3.0,0.0,61,61,0.0,22.663888888888888,24.041666666666668
2019-09-21 04:00,0.02065333465606705,0.024453971639447382,3.0,0.0,61,61,0.0,22.663888888888888,24.041666666666668
2019-09-21 05:00,0.020440215679104267,0.024193146794697428,3.0,0.0,61,61,0.0,22.663888888888888,24.041666666666668
2019-09-21 06:00,0.02023077205681011,0.0239369623201346,3.0,0.0,61,61,0.0,22.663888888888888,24.041666666666668
2019-09-21 07:00,0.02002491444087427,0.02368530201993547,3.0,0.0,61,61,0.0,22.663888888888888,24.041666666666668
2019-09-21 08:00,0.01982255629760087,0.023438053464883337,3.0,0.0,61,61,0.0,22.663888888888888,24.041666666666668
2019-09-21 09:00,0.019623613798364588,0.023195107840396873,3.0,0.0,61,61,0.0,22.663888888888888,24.041666666666668
2019-09-21 10:00,0.01942800571530707,0.022956359802627738,3.0,0.0,61,61,0.0,22.663888888888888,24.041666666666668
2019-09-21 11:00,0.019235653321909827,0.02272170734182624,3.0,0.0,61,61,0.0,22.663888888888888,24.041666666666668
2019-09-21 12:00,0.019046480298147137,0.022491051652372564,3.0,0.0,61,61,0.0,22.663888888888888,24.041666666666668
2019-09-21 13:00,0.01886041263994524,0.02226429700898279,2.25,0.0,61,61,0.0,22.663888888888888,24.041666666666668
2019-09-21 14:00,0.020997945232008423,0.02203910809525843,2.25,0.0,61,61,0.0,22.663888888888888,24.041666666666668
2019-09-21 15:00,0.020792612653199406,0.021819218817395302,2.25,0.0,61,61,0.0,22.663888888888888,24.041666666666668
2019-09-21 16:00,0.020589917981053425,0.021603918921114133,2.25,0.0,61,61,0.0,22.663888888888888,24.041666666666668
2019-09-21 17:00,0.020390081895099867,0.021392447339199525,2.25,0.0,61,61,0.0,22.663888888888888,24.041666666666668
2019-09-21 18:00,0.020193206074023078,0.021184442461234004,2.25,0.0,61,61,0.0,22.663888888888888,24.041666666666668
2019-09-21 19:00,0.019999326680227306,0.020979727809108627,2.25,0.0,61,61,0.0,22.663888888888888,24.041666666666668
2019-09-21 20:00,0.019808440258108462,0.02077820818145979,2.25,0.0,61,61,0.0,22.663888888888888,24.041666666666668
2019-09-21 21:00,0.019620519609137632,0.02057982085970549,2.25,0.0,61,61,0.0,22.663888888888888,24.041666666666668
2019-09-21 22:00,0.01943552353890869,0.020384513770766787,2.25,0.0,61,61,0.0,22.663888888888888,24.041666666666668
2019-09-21 23:00,0.019253402848325725,0.020192236511129807,2.25,0.0,61,61,0.0,22.663888888888888,24.041666666666668
2019-09-22 00:00,0.019074104017211768,0.020002937267984956,2.25,0.0,61,61,0.0,22.663888888888888,24.041666666666668
2019-09-22 01:00,0.018897571466789737,0.01981656227036694,3.0,0.0,61,61,0.0,22.663888888888888,24.041666666666668
2019-09-22 02:00,0.016698266560583784,0.01963478761288576,3.0,0.0,61,61,0.0,22.663888888888888,24.041666666666668
2019-09-22 03:00,0.016547563010970295,0.01945462292222579,3.0,0.0,61,61,0.0,22.663888888888888,24.041666666666668
2019-09-22 04:00,0.016399601909396322,0.019276512486059782,3.0,0.0,61,61,0.0,22.663888888888888,24.041666666666668
2019-09-22 05:00,0.01625414927044277,0.01910086853860541,3.0,0.0,61,61,0.0,22.663888888888888,24.041666666666668
2019-09-22 06:00,0.016111040477991972,0.018927843104169173,3.0,0.0,61,61,0.0,22.663888888888888,24.041666666666668
2019-09-22 07:00,0.015970155309646735,0.018757462075810475,3.0,0.0,61,61,0.0,22.663888888888888,24.041666666666668
2019-09-22 08:00,0.015831402160908746,0.018589693554305984,3.0,0.0,61,61,0.0,22.663888888888888,24.041666666666668
2019-09-22 09:00,0.015694708048391997,0.01842448182321817,3.0,0.0,61,61,0.0,22.663888888888888,24.041666666666668
2019-09-22 10:00,0.015560012254931364,0.018261763612235495,3.0,0.0,61,61,0.0,22.663888888888888,24.041666666666668
2019-09-22 11:00,0.01542726227589728,0.018101475409922872,3.0,0.0,61,61,0.0,22.663888888888888,24.041666666666668
2019-09-22 12:00,0.015296411223387131,0.017943556382637952,3.0,0.0,61,61,0.0,22.663888888888888,24.041666666666668
2019-09-22 13:00,0.015167416156413874,0.01778794923197324,3.0,0.0,61,61,0.0,22.663888888888888,24.041666666666668
2019-09-22 14:00,0.015040237000808832,0.017634600157373205,3.0,0.0,61,61,0.0,22.663888888888888,24.041666666666668
2019-09-22 15:00,0.014914835845691296,0.017483458487671362,3.0,0.0,61,61,0.0,22.663888888888888,24.041666666666668
2019-09-22 16:00,0.014791176481078899,0.017334476239199995,3.0,0.0,61,61,0.0,22.663888888888888,24.041666666666668
2019-09-22 17:00,0.014669224090386002,0.017187607706884024,3.0,0.0,61,61,0.0,22.663888888888888,24.041666666666668
2019-09-22 18:00,0.014548945042745162,0.017042809123061275,3.0,0.0,61,61,0.0,22.663888888888888,24.041666666666668
2019-09-22 19:00,0.01443030674991277,0.016900038387098432,3.0,0.0,61,61,0.0,22.663888888888888,24.041666666666668
2019-09-22 20:00,0.014313277565150656,0.0167592548566876,3.0,0.0,61,61,0.0,22.663888888888888,24.041666666666668
2019-09-22 21:00,0.014197826709544758,0.01662041918852526,3.0,0.0,61,61,0.0,22.663888888888888,24.041666666666668
2019-09-22 22:00,0.014083924216384686,0.01648349321669919,3.0,0.0,61,61,0.0,22.663888888888888,24.041666666666668
2019-09-22 23:00,0.013971540887543247,0.016348439859055576,3.0,0.0,61,61,0.0,22.663888888888888,24.041666666666668
