<?xml version="1.0" encoding="utf-8"?>
<!DOCTYPE nta PUBLIC '-//Uppaal Team//DTD Flat System 1.1//EN' 'http://www.it.uu.se/research/group/darts/uppaal/flat-1_2.dtd'>
<nta>
	<declaration>// Global time. One time unit in Uppaal represents 1 minute
const int m = 1; // 1 minute = 1 time unit
const int h = 60*m; // 1 hour = 60 minutes
clock t = 0.0; // global time [min]

// Urban catchment
const double UC_k = 0.25; // Urban surface reservoir reaction factor [cm/min * 1 / cm]
const double A_UC = 20.0 * 10000.0 * 10000.0; // urban area catchment [cm2], 1 ha = 10000 m2, 1 m2 = 10000 cm2 = [cm/(min*cm)]
// C1: 20 ha, C2: 15 ha, C3: 10 ha
double rain = 0.0; // Rainfall [cm/min]
clock S_UC = 0.0; // Water surface height urban catchment [cm]

// Rain detention pond
const int W = 200; // max water height [cm]
clock w = 0.0; // water level in pond [cm]
double Open = 1.0; // orifice relative diameter opening [-], will be properly initialized in Controller
clock o = 0.0; // accumulated overflow time [min]

// Cost function
clock c = 0.0; // cost function [-]

// Import data reading functions
import "/home/tacas22/Documents/artifact/stormwater_pond/uppaal/libtable.so" {
    /** read the table from the csv file and return its id: */
    int table_read_csv(const string&amp; filename, int skip_lines);
    /** return the number of rows in the table: */
    int table_rows(int id);
    /** return the number of columns in the table: */
    int table_cols(int id);
    /** read an integer value at row:col, counted from 0: */
    int read_int(int id, int row, int col);
    /** read a double value at row:col, counted from 0: */
    double read_double(int id, int row, int col);
};

</declaration>
	<template>
		<name x="5" y="5">Pond</name>
		<declaration>// We assume as pond geometry an inverted pyramid with square base, where the base is the surface of the permanent water level. 
// H represents the height of the pyramid, L represents the area of the pyramid.
const double H = 1000000.0; // pond geometry H [cm]
const double L = 7464.5; // pond geometry L [cm], 7464.5 -&gt; 5572 m2 area

// Pond geometry of the 3 ponds
// - straight edges -&gt; constant area
// P1: area = 2250 m2, max depth = 2 m
// P2: area = 1500 m2, max depth = 2 m
// P3: area = 1550 m2, max depth = 1.355 m
const double A1 = 2250 * 10000.0; // pond area A1 [cm2] 1 m2 -&gt; 10000 cm2

// Orifice parameters
const double C = 0.65; // discharge coefficient [-]
const double d = 10.0; // maximum diameter [cm]
const double g = 980.7; // gravitational acceleration [cm/s2]
const double PI_4 = 0.785398163397448279; // Pi/4

// Flow from urban catchment to pond. Eq. 2 in paper.
double Qin()
{
    return S_UC * UC_k * A_UC;
}

// Open area of the orifice.
double A()
{
    return PI_4 * d * d * Open * Open;
}

// Flow from the pond to the nearby stream through the orifice [cm3/min].
double Qout()
{
     if (w &lt;= 0) return 0;

    else return 60 * C * A() * sqrt(2 * g * w);
}

// Dynamics of the water level. Eqs. 4 and 5 in the paper combined.
double pond_dynamics()
{
    if (w &lt;= 0 &amp;&amp; Qin() &lt;= Qout()) return 0;

    else if (w &gt;= W &amp;&amp; Qin() &gt;= Qout()) return 0; 

    //else return H*H/(L*L)/((w+H)*(w+H))*(Qin()-Qout()); // Inverted pyramid
    else return (Qin() - Qout()) / A1; // Box
}

// Cumulative overflow duration. Eq. 6 in the paper.
double overflow()
{
    const double epsilon = 0.1; // for numerical precision 
    if (w &gt;= W - epsilon) return 1.0;
    
    else return 0.0;
}</declaration>
		<location id="id0" x="0" y="0">
			<label kind="invariant" x="-10" y="17">w' == pond_dynamics() &amp;&amp;
o' == overflow()</label>
		</location>
		<init ref="id0"/>
	</template>
	<template>
		<name>CostFunction</name>
		<location id="id1" x="0" y="0">
			<label kind="invariant" x="-10" y="17">c' == 1 - w / W</label>
		</location>
		<init ref="id1"/>
	</template>
	<template>
		<name>UrbanCatchment</name>
		<location id="id2" x="0" y="0">
			<label kind="invariant" x="-10" y="17">S_UC' == rain - (S_UC * UC_k)</label>
		</location>
		<init ref="id2"/>
	</template>
	<template>
		<name>Controller</name>
		<declaration>const int P = h; // control switching period [min]
const int C = 3; // number of control modes
const double Opening[C] = {1.0/3.0, 2.0/3.0, 3.0/3.0}; // orifice diameter opening modes

clock x = 0.0; // control switching clock</declaration>
		<location id="id3" x="-187" y="8">
		</location>
		<location id="id4" x="-25" y="8">
			<label kind="invariant" x="-51" y="25">x &lt;= P</label>
		</location>
		<location id="id5" x="153" y="8">
			<urgent/>
		</location>
		<init ref="id3"/>
		<transition>
			<source ref="id5"/>
			<target ref="id4"/>
			<label kind="select" x="0" y="-85">i:int[0,C-1]</label>
			<label kind="assignment" x="-7" y="-59">x = 0, Open = Opening[i]</label>
			<nail x="153" y="-59"/>
			<nail x="-25" y="-59"/>
		</transition>
		<transition controllable="false">
			<source ref="id4"/>
			<target ref="id5"/>
			<label kind="guard" x="42" y="8">x == P</label>
		</transition>
		<transition>
			<source ref="id3"/>
			<target ref="id4"/>
			<label kind="select" x="-170" y="-17">i:int[0,C-1]</label>
			<label kind="assignment" x="-169" y="8">Open = Opening[i]</label>
		</transition>
	</template>
	<template>
		<name>Rain</name>
		<declaration>const int i_init = 0; // constant introduced, otherwise the duration boundaries cannot be initialized properly.
int i = i_init; // current interval index
int rainLoc = 0; // rain location, only used for online control. 0 = dry, 1 = raining
clock d = 0.0; // duration of dry or raining period [min]

// Load weather forecast data from external data file.
const int file_id = table_read_csv("/home/tacas22/Documents/artifact/stormwater_pond/uppaal/weather_forecast.csv", 1);
const int rows = table_rows(file_id);
const int cols = table_cols(file_id);

// TODO add out-of-range checks below for safety.
int get_dryL(int interval)
{
    // dryL should be in the first column.
    return read_int(file_id, interval, 0);
}

int get_dryU(int interval)
{
    // dryU should be in the second column.
    return read_int(file_id, interval, 1);
}

int get_rainL(int interval)
{
    // rainL should be in the third column.
    return read_int(file_id, interval, 2);
}

int get_rainU(int interval)
{
    // rainU should be in the forth column.
    return read_int(file_id, interval, 3);
}

double get_rain(int interval)
{
    // rain should be in the fifth column.
    // We divide by 10, as the data is in mm/min, and the model
	// uses cm as unit of length.
    return read_double(file_id, interval, 4) / 10;
}

// Initialize the variables.
int dryL = get_dryL(i_init);
int dryU = get_dryU(i_init);
int rainL = get_rainL(i_init);
int rainU = get_rainU(i_init);

const double e = 0.1; // rain uncertainty factor.

// Returns a sample from a uniform distribution between lower and upper.
double uniform(double lower, double upper)
{
    double distance = upper - lower;
    double sample = random(distance);
    return lower + sample;
}</declaration>
		<location id="id6" x="-42" y="119">
			<urgent/>
		</location>
		<location id="id7" x="-153" y="-51">
			<name x="-204" y="-68">Dry</name>
			<label kind="invariant" x="-246" y="-42">d &lt;= dryU</label>
		</location>
		<location id="id8" x="68" y="-59">
			<name x="85" y="-85">Raining</name>
			<label kind="invariant" x="93" y="-68">d &lt;= rainU</label>
		</location>
		<init ref="id6"/>
		<transition controllable="false">
			<source ref="id8"/>
			<target ref="id7"/>
			<label kind="guard" x="-85" y="-25">d &gt;= rainL</label>
			<label kind="assignment" x="-93" y="0">d = 0, i++,
rainL = get_dryL(i),
rainU = get_dryU(i),
rain = 0.0,
rainLoc = 0</label>
			<nail x="59" y="-51"/>
			<nail x="0" y="0"/>
			<nail x="-102" y="0"/>
		</transition>
		<transition controllable="false">
			<source ref="id7"/>
			<target ref="id8"/>
			<label kind="guard" x="-85" y="-93">d &gt;= dryL</label>
			<label kind="assignment" x="-110" y="-195">d = 0,
rainL = get_rainL(i),
rainU = get_rainU(i),
rain = get_rain(i)*uniform(1 - e, 1 + e),
rainLoc = 1</label>
			<nail x="-93" y="-110"/>
			<nail x="8" y="-110"/>
		</transition>
		<transition controllable="false">
			<source ref="id6"/>
			<target ref="id8"/>
			<label kind="guard" x="0" y="127">rainLoc == 1</label>
			<nail x="68" y="119"/>
		</transition>
		<transition controllable="false">
			<source ref="id6"/>
			<target ref="id7"/>
			<label kind="guard" x="-187" y="127">rainLoc == 0</label>
			<nail x="-153" y="119"/>
		</transition>
	</template>
	<system>system Pond, Rain, UrbanCatchment, Controller, CostFunction;</system>
	<queries>
		<query>
			<formula></formula>
			<comment></comment>
		</query>
	</queries>
</nta>
